gmi_name;pow_name;pow_teryt
Boleslawiec;Powiat boleslawiecki;201
Gmina Gromadka;Powiat boleslawiecki;201
Gmina Warta Boleslawiecka;Powiat boleslawiecki;201
Osiecznica;Powiat boleslawiecki;201
Nowogrodziec;Powiat boleslawiecki;201
Pieszyce;Powiat dzierzoniowski;202
Dzierzoniow;Powiat dzierzoniowski;202
lagiewniki;Powiat dzierzoniowski;202
Gmina Niemcza;Powiat dzierzoniowski;202
Pilawa Gorna;Powiat dzierzoniowski;202
Bielawa;Powiat dzierzoniowski;202
Glogow;Glogow County;203
Gmina Jerzmanowa;Glogow County;203
Peclaw;Glogow County;203
zukowice;Glogow County;203
Kotla;Glogow County;203
Gora;Gora County;204
Jemielno;Gora County;204
Wasosz;Gora County;204
Gmina Niechlow;Gora County;204
Jawor;Jawor County;205
Gmina Msciwojow;Jawor County;205
Gmina Paszowice;Jawor County;205
Bolkow;Jawor County;205
Gmina Mecinka;Jawor County;205
Gmina Wadroze Wielkie;Jawor County;205
Podgorzyn;Jelenia Gora County;206
Myslakowice;Jelenia Gora County;206
Gmina Jezow Sudecki;Jelenia Gora County;206
Janowice Wielkie;Jelenia Gora County;206
Gmina Stara Kamienica;Jelenia Gora County;206
Kowary;Jelenia Gora County;206
Karpacz;Jelenia Gora County;206
Piechowice;Jelenia Gora County;206
Szklarska Poreba;Jelenia Gora County;206
Kamienna Gora;Kamienna Gora County;207
Gmina Lubawka;Kamienna Gora County;207
Gmina Marciszow;Kamienna Gora County;207
Gmina Stronie slaskie;Klodzko County;208
Klodzko;Klodzko County;208
Gmina Szczytna;Klodzko County;208
Polanica-Zdroj;Klodzko County;208
Gmina Bystrzyca Klodzka;Klodzko County;208
Duszniki-Zdroj;Klodzko County;208
Gmina Lewin Klodzki;Klodzko County;208
Kudowa-Zdroj;Klodzko County;208
Gmina Radkow;Klodzko County;208
Nowa Ruda;Klodzko County;208
Gmina Miedzylesie;Klodzko County;208
Gmina Ladek-Zdroj;Klodzko County;208
Chojnow;Powiat legnicki;209
Kunice;Powiat legnicki;209
Milkowice;Powiat legnicki;209
Gmina Krotoszyce;Powiat legnicki;209
Prochowice;Powiat legnicki;209
Gmina Legnickie Pole;Powiat legnicki;209
Ruja;Powiat legnicki;209
Luban;Luban County;210
Siekierczyn;Luban County;210
Gmina Lesna;Luban County;210
Platerowka;Luban County;210
Olszyna;Luban County;210
swieradow-Zdroj;Luban County;210
Rudna;Lubin County;211
Lubin;Lubin County;211
Gmina scinawa;Lubin County;211
Lwowek slaski;Lwowek slaski County;212
Lubomierz;Lwowek slaski County;212
Wlen;Lwowek slaski County;212
Gmina Gryfow slaski;Lwowek slaski County;212
Gmina Mirsk;Lwowek slaski County;212
Milicz;Milicz County;213
Krosnice;Milicz County;213
Gmina Cieszkow;Milicz County;213
Olesnica;Olesnica County;214
Gmina Dobroszyce;Olesnica County;214
Twardogora;Olesnica County;214
Gmina Bierutow;Olesnica County;214
Sycow;Olesnica County;214
Dziadowa Kloda;Olesnica County;214
Gmina Miedzyborz;Olesnica County;214
Olawa;Olawa County;215
Domaniow;Olawa County;215
Gmina Jelcz-Laskowice;Olawa County;215
Polkowice;Polkowice County;216
Gmina Chocianow;Polkowice County;216
Gmina Grebocice;Polkowice County;216
Radwanice;Polkowice County;216
Gmina Przemkow;Polkowice County;216
Gmina Gaworzyce;Polkowice County;216
Strzelin;Strzelin County;217
Borow;Strzelin County;217
Przeworno;Strzelin County;217
Gmina Wiazow;Strzelin County;217
Kondratowice;Strzelin County;217
sroda slaska;sroda slaska County;218
Kostomloty;sroda slaska County;218
Gmina Malczyce;sroda slaska County;218
Miekinia;sroda slaska County;218
Gmina Udanin;sroda slaska County;218
swidnica;swidnica County;219
Marcinowice;swidnica County;219
Gmina zarow;swidnica County;219
Jaworzyna slaska;swidnica County;219
Strzegom;swidnica County;219
swiebodzice;swidnica County;219
Dobromierz;swidnica County;219
Trzebnica;Trzebnica County;220
Gmina Oborniki slaskie;Trzebnica County;220
Zawonia;Trzebnica County;220
Prusice;Trzebnica County;220
Gmina Wisznia Mala;Trzebnica County;220
Gmina zmigrod;Trzebnica County;220
Stare Bogaczowice;Walbrzych County;221
Szczawno-Zdroj;Walbrzych County;221
Walim;Walbrzych County;221
Jedlina-Zdroj;Walbrzych County;221
Gluszyca;Walbrzych County;221
Gmina Mieroszow;Walbrzych County;221
Boguszow-Gorce;Walbrzych County;221
Czarny Bor;Walbrzych County;221
Wolow;Wolow County;222
Gmina Winsko;Wolow County;222
Gmina Brzeg Dolny;Wolow County;222
Czernica;Powiat wroclawski;223
Siechnice;Powiat wroclawski;223
Kobierzyce;Powiat wroclawski;223
Gmina Sobotka;Powiat wroclawski;223
Gmina Katy Wroclawskie;Powiat wroclawski;223
Gmina Mietkow;Powiat wroclawski;223
Dlugoleka;Powiat wroclawski;223
Jordanow slaski;Powiat wroclawski;223
zorawina;Powiat wroclawski;223
Gmina Zabkowice slaskie;Zabkowice slaskie County;224
Gmina Cieplowody;Zabkowice slaskie County;224
Gmina Stoszowice;Zabkowice slaskie County;224
Ziebice;Zabkowice slaskie County;224
Gmina Kamieniec Zabkowicki;Zabkowice slaskie County;224
Zloty Stok;Zabkowice slaskie County;224
Gmina Bardo;Zabkowice slaskie County;224
Zgorzelec;Zgorzelec County;225
Sulikow;Zgorzelec County;225
Bogatynia;Zgorzelec County;225
Piensk;Zgorzelec County;225
Gmina Wegliniec;Zgorzelec County;225
Zawidow;Zgorzelec County;225
Zlotoryja;Zlotoryja County;226
Gmina Zagrodno;Zlotoryja County;226
Pielgrzymka;Zlotoryja County;226
Gmina swierzawa;Zlotoryja County;226
Wojcieszow;Zlotoryja County;226
Jelenia Gora;Jelenia Gora;261
Legnica;Legnica;262
Wroclaw;Wroclaw;264
Walbrzych;Walbrzych;265
Aleksandrow Kujawski;Powiat aleksandrowski;401
Gmina Koneck;Powiat aleksandrowski;401
Badkowo;Powiat aleksandrowski;401
Zakrzewo;Powiat aleksandrowski;401
Raciazek;Powiat aleksandrowski;401
Ciechocinek;Powiat aleksandrowski;401
Nieszawa;Powiat aleksandrowski;401
Gmina Waganiec;Powiat aleksandrowski;401
Brodnica;Powiat brodnicki;402
Bobrowo;Powiat brodnicki;402
Gmina Zbiczno;Powiat brodnicki;402
Osiek;Powiat brodnicki;402
Brzozie;Powiat brodnicki;402
Gmina Gorzno;Powiat brodnicki;402
Gmina Bartniczka;Powiat brodnicki;402
Gmina Jablonowo Pomorskie;Powiat brodnicki;402
Gmina swiedziebnia;Powiat brodnicki;402
Biale Blota;Powiat bydgoski;403
Gmina Koronowo;Powiat bydgoski;403
Sicienko;Powiat bydgoski;403
Gmina Osielsko;Powiat bydgoski;403
Dobrcz;Powiat bydgoski;403
Gmina Solec Kujawski;Powiat bydgoski;403
Gmina Nowa Wies Wielka;Powiat bydgoski;403
Gmina Dabrowa Chelminska;Powiat bydgoski;403
Chelmno;Powiat chelminski;404
Gmina Kijewo Krolewskie;Powiat chelminski;404
Gmina Stolno;Powiat chelminski;404
Gmina Papowo Biskupie;Powiat chelminski;404
Gmina Lisewo;Powiat chelminski;404
Unislaw;Powiat chelminski;404
Golub-Dobrzyn;Powiat golubsko-dobrzynski;405
Radomin;Powiat golubsko-dobrzynski;405
Ciechocin;Powiat golubsko-dobrzynski;405
Gmina Kowalewo Pomorskie;Powiat golubsko-dobrzynski;405
Zbojno;Powiat golubsko-dobrzynski;405
Grudziadz;Powiat grudziadzki;406
Rogozno;Powiat grudziadzki;406
Gmina lasin;Powiat grudziadzki;406
Gmina swiecie nad Osa;Powiat grudziadzki;406
Gmina Gruta;Powiat grudziadzki;406
Gmina Radzyn Chelminski;Powiat grudziadzki;406
Inowroclaw;Powiat inowroclawski;407
Gmina Dabrowa Biskupia;Powiat inowroclawski;407
Rojewo;Powiat inowroclawski;407
Gmina Kruszwica;Powiat inowroclawski;407
Gniewkowo;Powiat inowroclawski;407
Gmina Pakosc;Powiat inowroclawski;407
Gmina Janikowo;Powiat inowroclawski;407
Gmina Zlotniki Kujawskie;Powiat inowroclawski;407
Bobrowniki;Powiat lipnowski;408
Lipno;Powiat lipnowski;408
Wielgie;Powiat lipnowski;408
Gmina Chrostkowo;Powiat lipnowski;408
Gmina Tluchowo;Powiat lipnowski;408
Gmina Dobrzyn nad Wisla;Powiat lipnowski;408
Gmina Kikol;Powiat lipnowski;408
Gmina Skepe;Powiat lipnowski;408
Mogilno;Powiat mogilenski;409
Dabrowa;Powiat mogilenski;409
Gmina Strzelno;Powiat mogilenski;409
Gmina Jeziora Wielkie;Powiat mogilenski;409
Gmina Mrocza;Powiat nakielski;410
Gmina Naklo nad Notecia;Powiat nakielski;410
Sadki;Powiat nakielski;410
Szubin;Powiat nakielski;410
Gmina Kcynia;Powiat nakielski;410
Topolka;Powiat radziejowski;411
Radziejow;Powiat radziejowski;411
Dobre;Powiat radziejowski;411
Osieciny;Powiat radziejowski;411
Gmina Piotrkow Kujawski;Powiat radziejowski;411
Gmina Byton;Powiat radziejowski;411
Gmina Wapielsk;Powiat rypinski;412
Rypin;Powiat rypinski;412
Gmina Skrwilno;Powiat rypinski;412
Rogowo;Powiat rypinski;412
Gmina Brzuze;Powiat rypinski;412
Gmina Sepolno Krajenskie;Powiat sepolenski;413
Gmina Wiecbork;Powiat sepolenski;413
Sosno;Powiat sepolenski;413
Gmina Kamien Krajenski;Powiat sepolenski;413
swiecie;Powiat swiecki;414
Pruszcz;Powiat swiecki;414
Bukowiec;Powiat swiecki;414
Jezewo;Powiat swiecki;414
Gmina Dragacz;Powiat swiecki;414
Gmina Drzycim;Powiat swiecki;414
Gmina Lniano;Powiat swiecki;414
Gmina Osie;Powiat swiecki;414
Gmina Warlubie;Powiat swiecki;414
Gmina Nowe;Powiat swiecki;414
Gmina swiekatowo;Powiat swiecki;414
Gmina Wielka Nieszawka;Torun County;415
Gmina Obrowo;Torun County;415
Zlawies Wielka;Torun County;415
Chelmza;Torun County;415
Gmina lysomice;Torun County;415
Gmina lubianka;Torun County;415
Lubicz;Torun County;415
Gmina Czernikowo;Torun County;415
Gmina Cekcyn;Powiat tucholski;416
Tuchola;Powiat tucholski;416
sliwice;Powiat tucholski;416
Gmina Kesowo;Powiat tucholski;416
Lubiewo;Powiat tucholski;416
Gmina Gostycyn;Powiat tucholski;416
Wabrzezno;Powiat wabrzeski;417
Gmina Debowa laka;Powiat wabrzeski;417
Gmina Pluznica;Powiat wabrzeski;417
Ksiazki;Powiat wabrzeski;417
Fabianki;Powiat wloclawski;418
Gmina Lubanie;Powiat wloclawski;418
Wloclawek;Powiat wloclawski;418
Gmina Brzesc Kujawski;Powiat wloclawski;418
Kowal;Powiat wloclawski;418
Baruchowo;Powiat wloclawski;418
Lubien Kujawski;Powiat wloclawski;418
Gmina Chocen;Powiat wloclawski;418
Boniewo;Powiat wloclawski;418
Gmina Chodecz;Powiat wloclawski;418
Gmina Izbica Kujawska;Powiat wloclawski;418
Gmina Lubraniec;Powiat wloclawski;418
Barcin;Powiat zninski;419
Gmina znin;Powiat zninski;419
Gasawa;Powiat zninski;419
Rogowo;Powiat zninski;419
Gmina Janowiec Wielkopolski;Powiat zninski;419
Gmina labiszyn;Powiat zninski;419
Bydgoszcz;Bydgoszcz;461
Grudziadz;Grudziadz;462
Torun;Torun;463
Wloclawek;Wloclawek;464
Miedzyrzec Podlaski;Powiat bialski;601
Biala Podlaska;Powiat bialski;601
Gmina Rokitno;Powiat bialski;601
Gmina Janow Podlaski;Powiat bialski;601
Koden;Powiat bialski;601
Zalesie;Powiat bialski;601
Gmina Slawatycze;Powiat bialski;601
Gmina Sosnowka;Powiat bialski;601
Gmina Tuczna;Powiat bialski;601
Gmina Piszczac;Powiat bialski;601
Gmina lomazy;Powiat bialski;601
Rossosz;Powiat bialski;601
Terespol;Powiat bialski;601
Lesna Podlaska;Powiat bialski;601
Konstantynow;Powiat bialski;601
Drelow;Powiat bialski;601
Wisznice;Powiat bialski;601
Bilgoraj;Powiat bilgorajski;602
Tereszpol;Powiat bilgorajski;602
Aleksandrow;Powiat bilgorajski;602
lukowa;Powiat bilgorajski;602
Obsza;Powiat bilgorajski;602
Ksiezpol;Powiat bilgorajski;602
Gmina Tarnogrod;Powiat bilgorajski;602
Gmina Potok Gorny;Powiat bilgorajski;602
Gmina Biszcza;Powiat bilgorajski;602
Frampol;Powiat bilgorajski;602
Goraj;Powiat bilgorajski;602
Gmina Jozefow;Powiat bilgorajski;602
Gmina Turobin;Powiat bilgorajski;602
Chelm;Chelm County;603
Sawin;Chelm County;603
Gmina Ruda-Huta;Chelm County;603
Gmina Kamien;Chelm County;603
Dorohusk;Chelm County;603
zmudz;Chelm County;603
Wojslawice;Chelm County;603
Gmina Lesniowice;Chelm County;603
Gmina Siedliszcze;Chelm County;603
Gmina Bialopole;Chelm County;603
Gmina Dubienka;Chelm County;603
Gmina Wierzbica;Chelm County;603
Rejowiec Fabryczny;Chelm County;603
Rejowiec;Chelm County;603
Hrubieszow;Powiat hrubieszowski;604
Uchanie;Powiat hrubieszowski;604
Gmina Horodlo;Powiat hrubieszowski;604
Gmina Mircze;Powiat hrubieszowski;604
Gmina Werbkowice;Powiat hrubieszowski;604
Gmina Dolhobyczow;Powiat hrubieszowski;604
Gmina Trzeszczany;Powiat hrubieszowski;604
Gmina Janow Lubelski;Powiat janowski;605
Godziszow;Powiat janowski;605
Gmina Dzwola;Powiat janowski;605
Chrzanow;Powiat janowski;605
Modliborzyce;Powiat janowski;605
Potok Wielki;Powiat janowski;605
Gmina Batorz;Powiat janowski;605
Gmina Fajslawice;Powiat krasnostawski;606
Krasnystaw;Powiat krasnostawski;606
Gmina Siennica Rozana;Powiat krasnostawski;606
Gmina Krasniczyn;Powiat krasnostawski;606
Gorzkow;Powiat krasnostawski;606
Rudnik;Powiat krasnostawski;606
zolkiewka;Powiat krasnostawski;606
Gmina lopiennik Gorny;Powiat krasnostawski;606
Gmina Izbica;Powiat krasnostawski;606
Krasnik;Powiat krasnicki;607
Gmina Dzierzkowice;Powiat krasnicki;607
Gmina Wilkolaz;Powiat krasnicki;607
Zakrzowek;Powiat krasnicki;607
Gmina Szastarka;Powiat krasnicki;607
Gmina Trzydnik Duzy;Powiat krasnicki;607
Gmina Goscieradow;Powiat krasnicki;607
Annopol;Powiat krasnicki;607
Gmina Urzedow;Powiat krasnicki;607
Lubartow;Powiat lubartowski;608
Gmina Ostrowek;Powiat lubartowski;608
Gmina Niedzwiada;Powiat lubartowski;608
Gmina Serniki;Powiat lubartowski;608
Gmina Uscimow;Powiat lubartowski;608
Gmina Ostrow Lubelski;Powiat lubartowski;608
Kamionka;Powiat lubartowski;608
Gmina Firlej;Powiat lubartowski;608
Michow;Powiat lubartowski;608
Abramow;Powiat lubartowski;608
Gmina Jeziorzany;Powiat lubartowski;608
Gmina Kock;Powiat lubartowski;608
Konopnica;Powiat lubelski;609
Gmina Wolka;Powiat lubelski;609
Glusk;Powiat lubelski;609
Jastkow;Powiat lubelski;609
Gmina Niemce;Powiat lubelski;609
Gmina Jablonna;Powiat lubelski;609
Garbow;Powiat lubelski;609
Gmina Bychawa;Powiat lubelski;609
Strzyzewice;Powiat lubelski;609
Krzczonow;Powiat lubelski;609
Gmina Wysokie;Powiat lubelski;609
Zakrzew;Powiat lubelski;609
Wojciechow;Powiat lubelski;609
Gmina Belzyce;Powiat lubelski;609
Gmina Niedrzwica Duza;Powiat lubelski;609
Gmina Borzechow;Powiat lubelski;609
Gmina leczna;Powiat leczynski;610
Gmina Puchaczow;Powiat leczynski;610
Gmina Milejow;Powiat leczynski;610
Gmina Cycow;Powiat leczynski;610
Ludwin;Powiat leczynski;610
Gmina Spiczyn;Powiat leczynski;610
lukow;Powiat lukowski;611
Gmina Trzebieszow;Powiat lukowski;611
Gmina Wojcieszkow;Powiat lukowski;611
Adamow;Powiat lukowski;611
Gmina Serokomla;Powiat lukowski;611
Gmina Stanin;Powiat lukowski;611
Gmina Wola Myslowska;Powiat lukowski;611
Stoczek lukowski;Powiat lukowski;611
Gmina Krzywda;Powiat lukowski;611
Karczmiska;Powiat opolski;612
Opole Lubelskie;Powiat opolski;612
Wilkow;Powiat opolski;612
Gmina laziska;Powiat opolski;612
Poniatowa;Powiat opolski;612
Jozefow nad Wisla;Powiat opolski;612
Gmina Chodel;Powiat opolski;612
Gmina Parczew;Powiat parczewski;613
Gmina Jablon;Powiat parczewski;613
Milanow;Powiat parczewski;613
Gmina Debowa Kloda;Powiat parczewski;613
Gmina Siemien;Powiat parczewski;613
Gmina Podedworze;Powiat parczewski;613
Sosnowica;Powiat parczewski;613
Pulawy;Powiat pulawski;614
Gmina zyrzyn;Powiat pulawski;614
Gmina Baranow;Powiat pulawski;614
Konskowola;Powiat pulawski;614
Gmina Kazimierz Dolny;Powiat pulawski;614
Gmina Wawolnica;Powiat pulawski;614
Janowiec;Powiat pulawski;614
Gmina Naleczow;Powiat pulawski;614
Kurow;Powiat pulawski;614
Markuszow;Powiat pulawski;614
Radzyn Podlaski;Powiat radzynski;615
Kakolewnica Wschodnia;Powiat radzynski;615
Czemierniki;Powiat radzynski;615
Gmina Ulan-Majorat;Powiat radzynski;615
Gmina Wohyn;Powiat radzynski;615
Gmina Komarowka Podlaska;Powiat radzynski;615
Gmina Borki;Powiat radzynski;615
Gmina Ryki;Powiat rycki;616
Gmina Nowodwor;Powiat rycki;616
Gmina Ulez;Powiat rycki;616
Deblin;Powiat rycki;616
Stezyca;Powiat rycki;616
Gmina Kloczew;Powiat rycki;616
Gmina Melgiew;Powiat swidnicki;617
Gmina Trawniki;Powiat swidnicki;617
swidnik;Powiat swidnicki;617
Gmina Piaski;Powiat swidnicki;617
Gmina Rybczewice;Powiat swidnicki;617
Tomaszow Lubelski;Powiat tomaszowski;618
Gmina Tarnawatka;Powiat tomaszowski;618
Gmina Susiec;Powiat tomaszowski;618
Gmina Krynice;Powiat tomaszowski;618
Gmina Tyszowce;Powiat tomaszowski;618
Rachanie;Powiat tomaszowski;618
Gmina laszczow;Powiat tomaszowski;618
Gmina Telatyn;Powiat tomaszowski;618
Gmina Jarczow;Powiat tomaszowski;618
Gmina Ulhowek;Powiat tomaszowski;618
Belzec;Powiat tomaszowski;618
Gmina Lubycza Krolewska;Powiat tomaszowski;618
Wlodawa;Powiat wlodawski;619
Gmina Wyryki;Powiat wlodawski;619
Hanna;Powiat wlodawski;619
Gmina Wola Uhruska;Powiat wlodawski;619
Gmina Urszulin;Powiat wlodawski;619
Gmina Hansk;Powiat wlodawski;619
Gmina Stary Brus;Powiat wlodawski;619
Zamosc;Powiat zamojski;620
Gmina Krasnobrod;Powiat zamojski;620
Gmina Nielisz;Powiat zamojski;620
Gmina Stary Zamosc;Powiat zamojski;620
Skierbieszow;Powiat zamojski;620
Sitno;Powiat zamojski;620
Grabowiec;Powiat zamojski;620
Gmina Radecznica;Powiat zamojski;620
Gmina Komarow-Osada;Powiat zamojski;620
Gmina labunie;Powiat zamojski;620
Adamow;Powiat zamojski;620
Gmina Sulow;Powiat zamojski;620
Gmina Miaczyn;Powiat zamojski;620
Gmina Szczebrzeszyn;Powiat zamojski;620
Zwierzyniec;Powiat zamojski;620
Biala Podlaska;Biala Podlaska;661
Chelm;Chelm;662
Lublin;Lublin;663
Zamosc;Zamosc;664
Santok;Powiat gorzowski;801
Klodawa;Powiat gorzowski;801
Gmina Lubiszyn;Powiat gorzowski;801
Gmina Deszczno;Powiat gorzowski;801
Bogdaniec;Powiat gorzowski;801
Gmina Witnica;Powiat gorzowski;801
Kostrzyn nad Odra;Powiat gorzowski;801
Gmina Krosno Odrzanskie;Powiat krosnienski;802
Maszewo;Powiat krosnienski;802
Dabie;Powiat krosnienski;802
Gubin;Powiat krosnienski;802
Bobrowice;Powiat krosnienski;802
Gmina Bytnica;Powiat krosnienski;802
Miedzyrzecz;Powiat miedzyrzecki;803
Gmina Trzciel;Powiat miedzyrzecki;803
Gmina Pszczew;Powiat miedzyrzecki;803
Gmina Przytoczna;Powiat miedzyrzecki;803
Gmina Bledzew;Powiat miedzyrzecki;803
Gmina Skwierzyna;Powiat miedzyrzecki;803
Nowa Sol;Powiat nowosolski;804
Otyn;Powiat nowosolski;804
Siedlisko;Powiat nowosolski;804
Gmina Bytom Odrzanski;Powiat nowosolski;804
Gmina Kozuchow;Powiat nowosolski;804
Gmina Nowe Miasteczko;Powiat nowosolski;804
Gmina Kolsko;Powiat nowosolski;804
Slubice;Powiat slubicki;805
Cybinka;Powiat slubicki;805
Gmina Rzepin;Powiat slubicki;805
Gorzyca;Powiat slubicki;805
Gmina Osno Lubuskie;Powiat slubicki;805
Dobiegniew;Powiat strzelecko-drezdenecki;806
Gmina Strzelce Krajenskie;Powiat strzelecko-drezdenecki;806
Drezdenko;Powiat strzelecko-drezdenecki;806
Gmina Stare Kurowo;Powiat strzelecko-drezdenecki;806
Gmina Zwierzyn;Powiat strzelecko-drezdenecki;806
Gmina Torzym;Powiat sulecinski;807
Gmina Krzeszyce;Powiat sulecinski;807
Gmina Slonsk;Powiat sulecinski;807
Sulecin;Powiat sulecinski;807
Lubniewice;Powiat sulecinski;807
swiebodzin;Powiat swiebodzinski;808
Gmina Zbaszynek;Powiat swiebodzinski;808
Gmina Skape;Powiat swiebodzinski;808
Lubrza;Powiat swiebodzinski;808
lagow;Powiat swiebodzinski;808
Gmina Szczaniec;Powiat swiebodzinski;808
Gmina Zabor;Powiat zielonogorski;809
swidnica;Powiat zielonogorski;809
Nowogrod Bobrzanski;Powiat zielonogorski;809
Gmina Czerwiensk;Powiat zielonogorski;809
Gmina Sulechow;Powiat zielonogorski;809
Babimost;Powiat zielonogorski;809
Gmina Kargowa;Powiat zielonogorski;809
Gmina Bojadla;Powiat zielonogorski;809
Trzebiechow;Powiat zielonogorski;809
Szprotawa;Powiat zaganski;810
Niegoslawice;Powiat zaganski;810
Malomice;Powiat zaganski;810
zagan;Powiat zaganski;810
Brzeznica;Powiat zaganski;810
Gmina Ilowa;Powiat zaganski;810
Gozdnica;Powiat zaganski;810
Wymiarki;Powiat zaganski;810
Gmina Przewoz;Powiat zarski;811
zary;Powiat zarski;811
leknica;Powiat zarski;811
Gmina Trzebiel;Powiat zarski;811
Lipinki luzyckie;Powiat zarski;811
Gmina Tuplice;Powiat zarski;811
Jasien;Powiat zarski;811
Gmina Lubsko;Powiat zarski;811
Brody;Powiat zarski;811
Wschowa;Powiat wschowski;812
Szlichtyngowa;Powiat wschowski;812
Gmina Slawa;Powiat wschowski;812
Gorzow Wielkopolski;Gorzow Wielkopolski;861
Zielona Gora;Zielona Gora;862
Belchatow;Powiat belchatowski;1001
Gmina Druzbice;Powiat belchatowski;1001
Kleszczow;Powiat belchatowski;1001
Kluki;Powiat belchatowski;1001
Gmina Szczercow;Powiat belchatowski;1001
Zelow;Powiat belchatowski;1001
Rusiec;Powiat belchatowski;1001
Kutno;Powiat kutnowski;1002
lanieta;Powiat kutnowski;1002
Strzelce;Powiat kutnowski;1002
Bedlno;Powiat kutnowski;1002
Oporow;Powiat kutnowski;1002
Krzyzanow;Powiat kutnowski;1002
Gmina zychlin;Powiat kutnowski;1002
Krosniewice;Powiat kutnowski;1002
Gmina Nowe Ostrowy;Powiat kutnowski;1002
Dabrowice;Powiat kutnowski;1002
Gmina lask;Powiat laski;1003
Gmina Wodzierady;Powiat laski;1003
Buczek;Powiat laski;1003
Sedziejowice;Powiat laski;1003
Widawa;Powiat laski;1003
leczyca;Powiat leczycki;1004
Gmina Daszyna;Powiat leczycki;1004
Gmina Gora swietej Malgorzaty;Powiat leczycki;1004
Piatek;Powiat leczycki;1004
Gmina swinice Warckie;Powiat leczycki;1004
Grabow;Powiat leczycki;1004
Gmina Witonia;Powiat leczycki;1004
lowicz;powiat lowicki;1005
gmina Miasto lowicz;powiat lowicki;1005
Gmina Kiernozia;powiat lowicki;1005
Gmina Chasno;powiat lowicki;1005
Kocierzew Poludniowy;powiat lowicki;1005
Gmina Nieborow;powiat lowicki;1005
lyszkowice;powiat lowicki;1005
Bielawy;powiat lowicki;1005
Domaniewice;powiat lowicki;1005
Gmina Zduny;powiat lowicki;1005
gmina Andrespol;Powiat lodzki wschodni;1006
Nowosolna;Powiat lodzki wschodni;1006
Brojce;Powiat lodzki wschodni;1006
Koluszki;Powiat lodzki wschodni;1006
Gmina Rzgow;Powiat lodzki wschodni;1006
Tuszyn;Powiat lodzki wschodni;1006
Gmina Opoczno;Powiat opoczynski;1007
Gmina Bialaczow;Powiat opoczynski;1007
Poswietne;Powiat opoczynski;1007
zarnow;Powiat opoczynski;1007
Slawno;Powiat opoczynski;1007
Gmina Paradyz;Powiat opoczynski;1007
Gmina Drzewica;Powiat opoczynski;1007
Gmina Mniszkow;Powiat opoczynski;1007
Pabianice;Powiat pabianicki;1008
Konstantynow lodzki;Powiat pabianicki;1008
Ksawerow;Powiat pabianicki;1008
Gmina Dlutow;Powiat pabianicki;1008
Gmina Dobron;Powiat pabianicki;1008
Lutomiersk;Powiat pabianicki;1008
Gmina Pajeczno;Powiat pajeczanski;1009
Gmina Nowa Brzeznica;Powiat pajeczanski;1009
Gmina Rzasnia;Powiat pajeczanski;1009
Strzelce Wielkie;Powiat pajeczanski;1009
Sulmierzyce;Powiat pajeczanski;1009
Gmina Siemkowice;Powiat pajeczanski;1009
Gmina Dzialoszyn;Powiat pajeczanski;1009
Gmina Kielczyglow;Powiat pajeczanski;1009
Aleksandrow;Powiat piotrkowski;1010
Grabica;Powiat piotrkowski;1010
Moszczenica;Powiat piotrkowski;1010
Czarnocin;Powiat piotrkowski;1010
Gmina Wolborz;Powiat piotrkowski;1010
Gmina Sulejow;Powiat piotrkowski;1010
Rozprza;Powiat piotrkowski;1010
Gmina Gorzkowice;Powiat piotrkowski;1010
Gmina leki Szlacheckie;Powiat piotrkowski;1010
Gmina Wola Krzysztoporska;Powiat piotrkowski;1010
Gmina Reczno;Powiat piotrkowski;1010
Poddebice;Powiat poddebicki;1011
Gmina Dalikow;Powiat poddebicki;1011
Uniejow;Powiat poddebicki;1011
Gmina Wartkowice;Powiat poddebicki;1011
Gmina Zadzim;Powiat poddebicki;1011
Gmina Peczniew;Powiat poddebicki;1011
Radomsko;Powiat radomszczanski;1012
Gmina Kamiensk;Powiat radomszczanski;1012
Gmina Gomunice;Powiat radomszczanski;1012
Gmina ladzice;Powiat radomszczanski;1012
Dobryszyce;Powiat radomszczanski;1012
Gmina Kodrab;Powiat radomszczanski;1012
Maslowice;Powiat radomszczanski;1012
Gmina Kobiele Wielkie;Powiat radomszczanski;1012
Gmina Wielgomlyny;Powiat radomszczanski;1012
Gmina zytno;Powiat radomszczanski;1012
Gmina Gidle;Powiat radomszczanski;1012
Lgota Wielka;Powiat radomszczanski;1012
Przedborz;Powiat radomszczanski;1012
Rawa Mazowiecka;Powiat rawski;1013
Biala Rawska;Powiat rawski;1013
Sadkowice;Powiat rawski;1013
Gmina Cieladz;Powiat rawski;1013
Gmina Regnow;Powiat rawski;1013
Sieradz;Powiat sieradzki;1014
Gmina Goszczanow;Powiat sieradzki;1014
Gmina Braszewice;Powiat sieradzki;1014
Blaszki;Powiat sieradzki;1014
Gmina Burzenin;Powiat sieradzki;1014
Gmina Zloczew;Powiat sieradzki;1014
Klonowa;Powiat sieradzki;1014
Gmina Brzeznio;Powiat sieradzki;1014
Wroblew;Powiat sieradzki;1014
Warta;Powiat sieradzki;1014
Skierniewice;Powiat skierniewicki;1015
Gmina Kowiesy;Powiat skierniewicki;1015
Nowy Kaweczyn;Powiat skierniewicki;1015
Gmina Makow;Powiat skierniewicki;1015
Godzianow;Powiat skierniewicki;1015
Gmina Lipce Reymontowskie;Powiat skierniewicki;1015
Gmina Slupia;Powiat skierniewicki;1015
Gluchow;Powiat skierniewicki;1015
Gmina Bolimow;Powiat skierniewicki;1015
Tomaszow Mazowiecki;Powiat tomaszowski;1016
Gmina Budziszewice;Powiat tomaszowski;1016
Gmina Inowlodz;Powiat tomaszowski;1016
Czerniewice;Powiat tomaszowski;1016
Gmina Lubochnia;Powiat tomaszowski;1016
Rzeczyca;Powiat tomaszowski;1016
Rokiciny;Powiat tomaszowski;1016
Ujazd;Powiat tomaszowski;1016
Gmina zelechlinek;Powiat tomaszowski;1016
Gmina Bedkow;Powiat tomaszowski;1016
Gmina Wielun;Powiat wielunski;1017
Gmina Czarnozyly;Powiat wielunski;1017
Ostrowek;Powiat wielunski;1017
Konopnica;Powiat wielunski;1017
Osjakow;Powiat wielunski;1017
Wierzchlas;Powiat wielunski;1017
Gmina Patnow;Powiat wielunski;1017
Gmina Mokrsko;Powiat wielunski;1017
Gmina Skomlin;Powiat wielunski;1017
Gmina Biala;Powiat wielunski;1017
Lututow;Powiat wieruszowski;1018
Gmina Wieruszow;Powiat wieruszowski;1018
Gmina Galewice;Powiat wieruszowski;1018
Gmina Czastary;Powiat wieruszowski;1018
Sokolniki;Powiat wieruszowski;1018
Boleslawiec;Powiat wieruszowski;1018
Gmina lubnice;Powiat wieruszowski;1018
Zapolice;Zdunska Wola County;1019
Zdunska Wola;Zdunska Wola County;1019
Gmina Szadek;Zdunska Wola County;1019
Zgierz;Powiat zgierski;1020
Gmina Strykow;Powiat zgierski;1020
Glowno;Powiat zgierski;1020
Ozorkow;Powiat zgierski;1020
Parzeczew;Powiat zgierski;1020
Gmina Aleksandrow lodzki;Powiat zgierski;1020
Gmina Dmosin;Powiat brzezinski;1021
Jezow;Powiat brzezinski;1021
Brzeziny;Powiat brzezinski;1021
Rogow;Powiat brzezinski;1021
lodz;Lodz;1061
Piotrkow Trybunalski;Piotrkow Trybunalski;1062
Skierniewice;Skierniewice;1063
Bochnia;Powiat bochenski;1201
Trzciana;Powiat bochenski;1201
Gmina Rzezawa;Powiat bochenski;1201
Gmina Drwinia;Powiat bochenski;1201
Nowy Wisnicz;Powiat bochenski;1201
Lipnica Murowana;Powiat bochenski;1201
Gmina zegocina;Powiat bochenski;1201
Gmina lapanow;Powiat bochenski;1201
Brzesko;Powiat brzeski;1202
Gmina Szczurowa;Powiat brzeski;1202
Borzecin;Powiat brzeski;1202
Debno;Powiat brzeski;1202
Gmina Czchow;Powiat brzeski;1202
Gnojnik;Powiat brzeski;1202
Iwkowa;Powiat brzeski;1202
Trzebinia;Powiat chrzanowski;1203
Chrzanow;Powiat chrzanowski;1203
Libiaz;Powiat chrzanowski;1203
Babice;Powiat chrzanowski;1203
Alwernia;Powiat chrzanowski;1203
Gmina Dabrowa Tarnowska;Powiat dabrowski;1204
Medrzechow;Powiat dabrowski;1204
Olesno;Powiat dabrowski;1204
Gmina Szczucin;Powiat dabrowski;1204
Radgoszcz;Powiat dabrowski;1204
Boleslaw;Powiat dabrowski;1204
Greboszow;Powiat dabrowski;1204
Gorlice;Powiat gorlicki;1205
Uscie Gorlickie;Powiat gorlicki;1205
Bobowa;Powiat gorlicki;1205
Lipinki;Powiat gorlicki;1205
Biecz;Powiat gorlicki;1205
Gmina Sekowa;Powiat gorlicki;1205
Ropa;Powiat gorlicki;1205
Moszczenica;Powiat gorlicki;1205
luzna;Powiat gorlicki;1205
Gmina Skawina;Powiat krakowski;1206
Zabierzow;Powiat krakowski;1206
Gmina Slomniki;Powiat krakowski;1206
Gmina Kocmyrzow-Luborzyca;Powiat krakowski;1206
Gmina Michalowice;Powiat krakowski;1206
swiatniki Gorne;Powiat krakowski;1206
Gmina Mogilany;Powiat krakowski;1206
Gmina Skala;Powiat krakowski;1206
Suloszowa;Powiat krakowski;1206
Gmina Jerzmanowice-Przeginia;Powiat krakowski;1206
Gmina Wielka Wies;Powiat krakowski;1206
Gmina Liszki;Powiat krakowski;1206
Czernichow;Powiat krakowski;1206
Gmina Krzeszowice;Powiat krakowski;1206
Gmina Zielonki;Powiat krakowski;1206
Iwanowice;Powiat krakowski;1206
Gmina Igolomia-Wawrzenczyce;Powiat krakowski;1206
Limanowa;Powiat limanowski;1207
Slopnice;Powiat limanowski;1207
Laskowa;Powiat limanowski;1207
lukowica;Powiat limanowski;1207
Kamienica;Powiat limanowski;1207
Jodlownik;Powiat limanowski;1207
Dobra;Powiat limanowski;1207
Tymbark;Powiat limanowski;1207
Mszana Dolna;Powiat limanowski;1207
Niedzwiedz;Powiat limanowski;1207
Gmina Golcza;Powiat miechowski;1208
Gmina Miechow;Powiat miechowski;1208
Gmina Ksiaz Wielki;Powiat miechowski;1208
Slaboszow;Powiat miechowski;1208
Gmina Charsznica;Powiat miechowski;1208
Raclawice;Powiat miechowski;1208
Gmina Kozlow;Powiat miechowski;1208
Myslenice;Powiat myslenicki;1209
Pcim;Powiat myslenicki;1209
Siepraw;Powiat myslenicki;1209
Gmina Dobczyce;Powiat myslenicki;1209
Gmina Raciechowice;Powiat myslenicki;1209
Wisniowa;Powiat myslenicki;1209
Lubien;Powiat myslenicki;1209
Tokarnia;Powiat myslenicki;1209
Sulkowice;Powiat myslenicki;1209
Chelmiec;Powiat nowosadecki;1210
Gmina lososina Dolna;Powiat nowosadecki;1210
Gmina Rytro;Powiat nowosadecki;1210
Gmina lacko;Powiat nowosadecki;1210
Gmina Kamionka Wielka;Powiat nowosadecki;1210
Gmina Grodek nad Dunajcem;Powiat nowosadecki;1210
Grybow;Powiat nowosadecki;1210
Gmina Korzenna;Powiat nowosadecki;1210
Nawojowa;Powiat nowosadecki;1210
Gmina labowa;Powiat nowosadecki;1210
Krynica-Zdroj;Powiat nowosadecki;1210
Gmina Stary Sacz;Powiat nowosadecki;1210
Gmina Piwniczna-Zdroj;Powiat nowosadecki;1210
Gmina Muszyna;Powiat nowosadecki;1210
Podegrodzie;Powiat nowosadecki;1210
Rabka-Zdroj;Powiat nowotarski;1211
Spytkowice;Powiat nowotarski;1211
Nowy Targ;Powiat nowotarski;1211
Gmina Czorsztyn;Powiat nowotarski;1211
Gmina Czarny Dunajec;Powiat nowotarski;1211
Szaflary;Powiat nowotarski;1211
Gmina lapsze Nizne;Powiat nowotarski;1211
Gmina Kroscienko nad Dunajcem;Powiat nowotarski;1211
Gmina Ochotnica Dolna;Powiat nowotarski;1211
Szczawnica;Powiat nowotarski;1211
Jablonka;Powiat nowotarski;1211
Lipnica Wielka;Powiat nowotarski;1211
Raba Wyzna;Powiat nowotarski;1211
Gmina Wolbrom;Powiat olkuski;1212
Olkusz;Powiat olkuski;1212
Klucze;Powiat olkuski;1212
Boleslaw;Powiat olkuski;1212
Bukowno;Powiat olkuski;1212
Gmina Trzyciaz;Powiat olkuski;1212
Kety;Powiat oswiecimski;1213
Oswiecim;Powiat oswiecimski;1213
Chelmek;Powiat oswiecimski;1213
Polanka Wielka;Powiat oswiecimski;1213
Osiek;Powiat oswiecimski;1213
Brzeszcze;Powiat oswiecimski;1213
Zator;Powiat oswiecimski;1213
Przeciszow;Powiat oswiecimski;1213
Proszowice;Powiat proszowicki;1214
Gmina Radziemice;Powiat proszowicki;1214
Gmina Koniusza;Powiat proszowicki;1214
Gmina Palecznica;Powiat proszowicki;1214
Gmina Nowe Brzesko;Powiat proszowicki;1214
Gmina Koszyce;Powiat proszowicki;1214
Sucha Beskidzka;Powiat suski;1215
Gmina Stryszawa;Powiat suski;1215
Zembrzyce;Powiat suski;1215
Jordanow;Powiat suski;1215
Budzow;Powiat suski;1215
Gmina Zawoja;Powiat suski;1215
Gmina Makow Podhalanski;Powiat suski;1215
Gmina Bystra-Sidzina;Powiat suski;1215
Gmina Wojnicz;Powiat tarnowski;1216
Zakliczyn;Powiat tarnowski;1216
Gmina Lisia Gora;Powiat tarnowski;1216
Wierzchoslawice;Powiat tarnowski;1216
Tarnow;Powiat tarnowski;1216
Plesna;Powiat tarnowski;1216
Gmina Radlow;Powiat tarnowski;1216
zabno;Powiat tarnowski;1216
Skrzyszow;Powiat tarnowski;1216
Ryglice;Powiat tarnowski;1216
Rzepiennik Strzyzewski;Powiat tarnowski;1216
Gmina Tuchow;Powiat tarnowski;1216
Gromnik;Powiat tarnowski;1216
Gmina Ciezkowice;Powiat tarnowski;1216
Gmina Wietrzychowice;Powiat tarnowski;1216
Szerzyny;Powiat tarnowski;1216
Gmina Bukowina Tatrzanska;Powiat tatrzanski;1217
Bialy Dunajec;Powiat tatrzanski;1217
Zakopane;Powiat tatrzanski;1217
Koscielisko;Powiat tatrzanski;1217
Gmina Poronin;Powiat tatrzanski;1217
Kalwaria Zebrzydowska;Powiat wadowicki;1218
Tomice;Powiat wadowicki;1218
Wadowice;Powiat wadowicki;1218
Lanckorona;Powiat wadowicki;1218
Brzeznica;Powiat wadowicki;1218
Mucharz;Powiat wadowicki;1218
Wieprz;Powiat wadowicki;1218
Spytkowice;Powiat wadowicki;1218
Andrychow;Powiat wadowicki;1218
Stryszow;Powiat wadowicki;1218
Biskupice;Powiat wielicki;1219
Wieliczka;Powiat wielicki;1219
Niepolomice;Powiat wielicki;1219
Gmina Klaj;Powiat wielicki;1219
Gmina Gdow;Powiat wielicki;1219
Krakow;Krakow;1261
Nowy Sacz;Nowy Sacz;1262
Tarnow;Tarnow;1263
Promna;Powiat bialobrzeski;1401
Radzanow;Powiat bialobrzeski;1401
Gmina Bialobrzegi;Powiat bialobrzeski;1401
Gmina Wysmierzyce;Powiat bialobrzeski;1401
Gmina Stromiec;Powiat bialobrzeski;1401
Gmina Stara Blotnica;Powiat bialobrzeski;1401
Gmina Opinogora Gorna;Powiat ciechanowski;1402
Ciechanow;Powiat ciechanowski;1402
Gmina Regimin;Powiat ciechanowski;1402
Gmina Golymin-Osrodek;Powiat ciechanowski;1402
Gmina Sonsk;Powiat ciechanowski;1402
Gmina Glinojeck;Powiat ciechanowski;1402
Gmina Ojrzen;Powiat ciechanowski;1402
Gmina Grudusk;Powiat ciechanowski;1402
Garwolin;Powiat garwolinski;1403
Gorzno;Powiat garwolinski;1403
Gmina Borowie;Powiat garwolinski;1403
Gmina Miastkow Koscielny;Powiat garwolinski;1403
Gmina zelechow;Powiat garwolinski;1403
Gmina Pilawa;Powiat garwolinski;1403
Parysow;Powiat garwolinski;1403
laskarzew;Powiat garwolinski;1403
Gmina Trojanow;Powiat garwolinski;1403
Gmina Sobolew;Powiat garwolinski;1403
Wilga;Powiat garwolinski;1403
Gmina Maciejowice;Powiat garwolinski;1403
Gostynin;Powiat gostyninski;1404
Sanniki;Powiat gostyninski;1404
Gmina Pacyna;Powiat gostyninski;1404
Szczawin Koscielny;Powiat gostyninski;1404
Podkowa Lesna;Powiat grodziski;1405
Milanowek;Powiat grodziski;1405
Gmina Grodzisk Mazowiecki;Powiat grodziski;1405
Jaktorow;Powiat grodziski;1405
Gmina Baranow;Powiat grodziski;1405
zabia Wola;Powiat grodziski;1405
Grojec;Powiat grojecki;1406
Gmina Jasieniec;Powiat grojecki;1406
Gmina Goszczyn;Powiat grojecki;1406
Bledow;Powiat grojecki;1406
Gmina Belsk Duzy;Powiat grojecki;1406
Gmina Mogielnica;Powiat grojecki;1406
Chynow;Powiat grojecki;1406
Gmina Pniewy;Powiat grojecki;1406
Warka;Powiat grojecki;1406
Gmina Nowe Miasto nad Pilica;Powiat grojecki;1406
Gmina Kozienice;Powiat kozienicki;1407
Glowaczow;Powiat kozienicki;1407
Gmina Grabow nad Pilica;Powiat kozienicki;1407
Gmina Magnuszew;Powiat kozienicki;1407
Gmina Gniewoszow;Powiat kozienicki;1407
Gmina Sieciechow;Powiat kozienicki;1407
Gmina Garbatka-Letnisko;Powiat kozienicki;1407
Jablonna;Powiat legionowski;1408
Legionowo;Powiat legionowski;1408
Gmina Nieporet;Powiat legionowski;1408
Gmina Wieliszew;Powiat legionowski;1408
Gmina Serock;Powiat legionowski;1408
Sienno;Powiat lipski;1409
Gmina Ciepielow;Powiat lipski;1409
Gmina Lipsko;Powiat lipski;1409
Gmina Chotcza;Powiat lipski;1409
Gmina Solec nad Wisla;Powiat lipski;1409
Gmina Rzeczniow;Powiat lipski;1409
Gmina losice;Powiat losicki;1410
Gmina Stara Kornica;Powiat losicki;1410
Gmina Huszlew;Powiat losicki;1410
Olszanka;Powiat losicki;1410
Gmina Platerow;Powiat losicki;1410
Sarnaki;Powiat losicki;1410
Gmina Czerwonka;Powiat makowski;1411
Gmina Karniewo;Powiat makowski;1411
Makow Mazowiecki;Powiat makowski;1411
Gmina Szelkow;Powiat makowski;1411
Gmina Ploniawy-Bramura;Powiat makowski;1411
Gmina Krasnosielc;Powiat makowski;1411
Gmina Sypniewo;Powiat makowski;1411
Gmina Rzewnie;Powiat makowski;1411
Gmina Rozan;Powiat makowski;1411
Gmina Mlynarze;Powiat makowski;1411
Sulejowek;Powiat minski;1412
Gmina Halinow;Powiat minski;1412
Gmina Debe Wielkie;Powiat minski;1412
Minsk Mazowiecki;Powiat minski;1412
Gmina Stanislawow;Powiat minski;1412
Jakubow;Powiat minski;1412
Dobre;Powiat minski;1412
Gmina Kaluszyn;Powiat minski;1412
Mrozy;Powiat minski;1412
Gmina Latowicz;Powiat minski;1412
Gmina Ceglow;Powiat minski;1412
Siennica;Powiat minski;1412
Gmina Strzegowo;Powiat mlawski;1413
Szydlowo;Powiat mlawski;1413
Gmina Lipowiec Koscielny;Powiat mlawski;1413
Gmina Wieczfnia Koscielna;Powiat mlawski;1413
Gmina Wisniewo;Powiat mlawski;1413
Mlawa;Powiat mlawski;1413
Dzierzgowo;Powiat mlawski;1413
Gmina Szrensk;Powiat mlawski;1413
Radzanow;Powiat mlawski;1413
Gmina Stupsk;Powiat mlawski;1413
Gmina Czosnow;Powiat nowodworski;1414
Nowy Dwor Mazowiecki;Powiat nowodworski;1414
Gmina Pomiechowek;Powiat nowodworski;1414
Gmina Leoncin;Powiat nowodworski;1414
Gmina Zakroczym;Powiat nowodworski;1414
Nasielsk;Powiat nowodworski;1414
Gmina Rzekun;Powiat ostrolecki;1415
Kadzidlo;Powiat ostrolecki;1415
Gmina Baranowo;Powiat ostrolecki;1415
Gmina Lelis;Powiat ostrolecki;1415
Gmina Olszewo-Borki;Powiat ostrolecki;1415
Troszyn;Powiat ostrolecki;1415
Gmina Czerwin;Powiat ostrolecki;1415
Gmina Myszyniec;Powiat ostrolecki;1415
Czarnia;Powiat ostrolecki;1415
Gmina lyse;Powiat ostrolecki;1415
Gmina Goworowo;Powiat ostrolecki;1415
Ostrow Mazowiecka;Powiat ostrowski;1416
Gmina Stary Lubotyn;Powiat ostrowski;1416
Andrzejewo;Powiat ostrowski;1416
Brok;Powiat ostrowski;1416
Gmina Wasewo;Powiat ostrowski;1416
Gmina Malkinia Gorna;Powiat ostrowski;1416
Nur;Powiat ostrowski;1416
Gmina Zareby Koscielne;Powiat ostrowski;1416
Gmina Szulborze Wielkie;Powiat ostrowski;1416
Gmina Boguty-Pianki;Powiat ostrowski;1416
Gmina Wiazowna;Powiat otwocki;1417
Kolbiel;Powiat otwocki;1417
Otwock;Powiat otwocki;1417
Jozefow;Powiat otwocki;1417
Celestynow;Powiat otwocki;1417
Gmina Karczew;Powiat otwocki;1417
Gmina Sobienie-Jeziory;Powiat otwocki;1417
Gmina Osieck;Powiat otwocki;1417
Piaseczno;Powiat piaseczynski;1418
Gmina Lesznowola;Powiat piaseczynski;1418
Gmina Konstancin-Jeziorna;Powiat piaseczynski;1418
Gmina Tarczyn;Powiat piaseczynski;1418
Prazmow;Powiat piaseczynski;1418
Gmina Gora Kalwaria;Powiat piaseczynski;1418
Gmina Drobin;Powiat plocki;1419
Bielsk;Powiat plocki;1419
Gmina Stara Biala;Powiat plocki;1419
Radzanowo;Powiat plocki;1419
Gmina Slupno;Powiat plocki;1419
Gmina Brudzen Duzy;Powiat plocki;1419
Gmina Starozreby;Powiat plocki;1419
Gmina Wyszogrod;Powiat plocki;1419
Gmina Bulkowo;Powiat plocki;1419
Bodzanow;Powiat plocki;1419
Mala Wies;Powiat plocki;1419
Gmina Nowy Duninow;Powiat plocki;1419
Gmina lack;Powiat plocki;1419
Gmina Gabin;Powiat plocki;1419
Slubice;Powiat plocki;1419
Plonsk;Powiat plonski;1420
Nowe Miasto;Powiat plonski;1420
Raciaz;Powiat plonski;1420
Gmina Dzierzaznia;Powiat plonski;1420
Joniec;Powiat plonski;1420
Gmina Sochocin;Powiat plonski;1420
Gmina Baboszewo;Powiat plonski;1420
Zaluski;Powiat plonski;1420
Gmina Czerwinsk nad Wisla;Powiat plonski;1420
Gmina Naruszewo;Powiat plonski;1420
Gmina Raszyn;Powiat pruszkowski;1421
Pruszkow;Powiat pruszkowski;1421
Brwinow;Powiat pruszkowski;1421
Gmina Michalowice;Powiat pruszkowski;1421
Piastow;Powiat pruszkowski;1421
Nadarzyn;Powiat pruszkowski;1421
Przasnysz;Powiat przasnyski;1422
Gmina Krzynowloga Mala;Powiat przasnyski;1422
Jednorozec;Powiat przasnyski;1422
Gmina Chorzele;Powiat przasnyski;1422
Krasne;Powiat przasnyski;1422
Gmina Czernice Borowe;Powiat przasnyski;1422
Gmina Przysucha;Powiat przysuski;1423
Gmina Rusinow;Powiat przysuski;1423
Potworow;Powiat przysuski;1423
Gmina Klwow;Powiat przysuski;1423
Borkowice;Powiat przysuski;1423
Gmina Odrzywol;Powiat przysuski;1423
Gmina Wieniawa;Powiat przysuski;1423
Gmina Gielniow;Powiat przysuski;1423
Gmina Pultusk;Powiat pultuski;1424
Pokrzywnica;Powiat pultuski;1424
Gmina Winnica;Powiat pultuski;1424
Gmina Gzy;Powiat pultuski;1424
swiercze;Powiat pultuski;1424
Gmina Zatory;Powiat pultuski;1424
Obryte;Powiat pultuski;1424
Pionki;Radom County;1425
Gmina Kowala;Radom County;1425
Gmina Jedlnia-Letnisko;Radom County;1425
Jastrzebia;Radom County;1425
Gmina Wolanow;Radom County;1425
Gmina Skaryszew;Radom County;1425
Gmina Gozd;Radom County;1425
Gmina Przytyk;Radom County;1425
Zakrzew;Radom County;1425
Jedlinsk;Radom County;1425
Wierzbica;Radom County;1425
Gmina Ilza;Radom County;1425
Siedlce;Powiat siedlecki;1426
Gmina Suchozebry;Powiat siedlecki;1426
Gmina Zbuczyn;Powiat siedlecki;1426
Paprotnia;Powiat siedlecki;1426
Korczew;Powiat siedlecki;1426
Gmina Przesmyki;Powiat siedlecki;1426
Gmina Wisniew;Powiat siedlecki;1426
Gmina Domanice;Powiat siedlecki;1426
Skorzec;Powiat siedlecki;1426
Gmina Wodynie;Powiat siedlecki;1426
Gmina Mokobody;Powiat siedlecki;1426
Kotun;Powiat siedlecki;1426
Gmina Mordy;Powiat siedlecki;1426
Gmina Zawidz;Powiat sierpecki;1427
Sierpc;Powiat sierpecki;1427
Szczutowo;Powiat sierpecki;1427
Rosciszewo;Powiat sierpecki;1427
Gozdowo;Powiat sierpecki;1427
Gmina Mochowo;Powiat sierpecki;1427
Brochow;Powiat sochaczewski;1428
Sochaczew;Powiat sochaczewski;1428
Gmina Mlodzieszyn;Powiat sochaczewski;1428
Gmina Nowa Sucha;Powiat sochaczewski;1428
Gmina Rybno;Powiat sochaczewski;1428
Teresin;Powiat sochaczewski;1428
Gmina Ilow;Powiat sochaczewski;1428
Gmina Sterdyn;Powiat sokolowski;1429
Sokolow Podlaski;Powiat sokolowski;1429
Gmina Bielany;Powiat sokolowski;1429
Gmina Jablonna Lacka;Powiat sokolowski;1429
Repki;Powiat sokolowski;1429
Gmina Ceranow;Powiat sokolowski;1429
Gmina Kosow Lacki;Powiat sokolowski;1429
Sabnie;Powiat sokolowski;1429
Gmina Szydlowiec;Powiat szydlowiecki;1430
Mirow;Powiat szydlowiecki;1430
Gmina Jastrzab;Powiat szydlowiecki;1430
Gmina Oronsko;Powiat szydlowiecki;1430
Gmina Chlewiska;Powiat szydlowiecki;1430
Izabelin;Warsaw West County;1432
Gmina Stare Babice;Warsaw West County;1432
Leszno;Warsaw West County;1432
Blonie;Warsaw West County;1432
Gmina Kampinos;Warsaw West County;1432
Gmina lomianki;Warsaw West County;1432
Gmina Ozarow Mazowiecki;Warsaw West County;1432
Liw;Powiat wegrowski;1433
Wegrow;Powiat wegrowski;1433
Gmina Stoczek;Powiat wegrowski;1433
Gmina Miedzna;Powiat wegrowski;1433
Gmina Grebkow;Powiat wegrowski;1433
Gmina Wierzbno;Powiat wegrowski;1433
Gmina Korytnica;Powiat wegrowski;1433
Gmina lochow;Powiat wegrowski;1433
Sadowne;Powiat wegrowski;1433
Poswietne;Powiat wolominski;1434
Zabki;Powiat wolominski;1434
Gmina Wolomin;Powiat wolominski;1434
Gmina Klembow;Powiat wolominski;1434
Gmina Dabrowka;Powiat wolominski;1434
Zielonka;Powiat wolominski;1434
Kobylka;Powiat wolominski;1434
Tluszcz;Powiat wolominski;1434
Radzymin;Powiat wolominski;1434
Marki;Powiat wolominski;1434
Gmina Jadow;Powiat wolominski;1434
Gmina Strachowka;Powiat wolominski;1434
Gmina Somianka;Powiat wyszkowski;1435
Rzasnik;Powiat wyszkowski;1435
Wyszkow;Powiat wyszkowski;1435
Gmina Dlugosiodlo;Powiat wyszkowski;1435
Gmina Branszczyk;Powiat wyszkowski;1435
Gmina Zabrodzie;Powiat wyszkowski;1435
Gmina Tczow;Powiat zwolenski;1436
Gmina Zwolen;Powiat zwolenski;1436
Gmina Przylek;Powiat zwolenski;1436
Kazanow;Powiat zwolenski;1436
Policzna;Powiat zwolenski;1436
Siemiatkowo;Powiat zurominski;1437
Gmina zuromin;Powiat zurominski;1437
Lubowidz;Powiat zurominski;1437
Gmina Kuczbork-Osada;Powiat zurominski;1437
Gmina Lutocin;Powiat zurominski;1437
Gmina Biezun;Powiat zurominski;1437
Gmina Radziejowice;Powiat zyrardowski;1438
zyrardow;Powiat zyrardowski;1438
Gmina Mszczonow;Powiat zyrardowski;1438
Gmina Wiskitki;Powiat zyrardowski;1438
Puszcza Marianska;Powiat zyrardowski;1438
Ostroleka;Ostroleka;1461
Plock;Plock;1462
Radom;Radom;1463
Siedlce;Siedlce;1464
Warsaw;Warszawa;1465
Brzeg;Powiat brzeski;1601
Gmina Grodkow;Powiat brzeski;1601
Olszanka;Powiat brzeski;1601
Gmina Skarbimierz;Powiat brzeski;1601
Lubsza;Powiat brzeski;1601
Gmina Lewin Brzeski;Powiat brzeski;1601
Gmina Baborow;Glubczyce County;1602
Glubczyce;Glubczyce County;1602
Gmina Branice;Glubczyce County;1602
Kietrz;Glubczyce County;1602
Gmina Renska Wies;Powiat kedzierzynsko-kozielski;1603
Kedzierzyn-Kozle;Powiat kedzierzynsko-kozielski;1603
Bierawa;Powiat kedzierzynsko-kozielski;1603
Cisek;Powiat kedzierzynsko-kozielski;1603
Polska Cerekiew;Powiat kedzierzynsko-kozielski;1603
Pawlowiczki;Powiat kedzierzynsko-kozielski;1603
Gmina Kluczbork;Powiat kluczborski;1604
Byczyna;Powiat kluczborski;1604
Gmina Wolczyn;Powiat kluczborski;1604
Lasowice Wielkie;Powiat kluczborski;1604
Gmina Krapkowice;Powiat krapkowicki;1605
Gogolin;Powiat krapkowicki;1605
Zdzieszowice;Powiat krapkowicki;1605
Walce;Powiat krapkowicki;1605
Strzeleczki;Powiat krapkowicki;1605
Pokoj;Powiat namyslowski;1606
Namyslow;Powiat namyslowski;1606
Gmina swierczow;Powiat namyslowski;1606
Wilkow;Powiat namyslowski;1606
Gmina Domaszowice;Powiat namyslowski;1606
Glucholazy;Powiat nyski;1607
Nysa;Powiat nyski;1607
Gmina Pakoslawice;Powiat nyski;1607
lambinowice;Powiat nyski;1607
Gmina Korfantow;Powiat nyski;1607
Gmina Skoroszyce;Powiat nyski;1607
Gmina Paczkow;Powiat nyski;1607
Gmina Otmuchow;Powiat nyski;1607
Kamiennik;Powiat nyski;1607
Zebowice;Powiat oleski;1608
Gmina Olesno;Powiat oleski;1608
Gmina Gorzow slaski;Powiat oleski;1608
Gmina Praszka;Powiat oleski;1608
Radlow;Powiat oleski;1608
Gmina Rudniki;Powiat oleski;1608
Gmina Dobrodzien;Powiat oleski;1608
lubniany;Powiat opolski;1609
Gmina Murow;Powiat opolski;1609
Popielow;Powiat opolski;1609
Gmina Ozimek;Powiat opolski;1609
Gmina Turawa;Powiat opolski;1609
Tarnow Opolski;Powiat opolski;1609
Chrzastowice;Powiat opolski;1609
Gmina Proszkow;Powiat opolski;1609
Komprachcice;Powiat opolski;1609
Dabrowa;Powiat opolski;1609
Dobrzen Wielki;Powiat opolski;1609
Niemodlin;Powiat opolski;1609
Tulowice;Powiat opolski;1609
Prudnik;Powiat prudnicki;1610
Lubrza;Powiat prudnicki;1610
Gmina Biala;Powiat prudnicki;1610
Glogowek;Powiat prudnicki;1610
Jemielnica;Powiat strzelecki;1611
Gmina Strzelce Opolskie;Powiat strzelecki;1611
Ujazd;Powiat strzelecki;1611
Lesnica;Powiat strzelecki;1611
Kolonowskie;Powiat strzelecki;1611
Zawadzkie;Powiat strzelecki;1611
Izbicko;Powiat strzelecki;1611
Opole;Opole;1661
Gmina Ustrzyki Dolne;Powiat bieszczadzki;1801
Gmina Czarna;Powiat bieszczadzki;1801
Lutowiska;Powiat bieszczadzki;1801
Gmina Brzozow;Powiat brzozowski;1802
Jasienica Rosielna;Powiat brzozowski;1802
Gmina Dydnia;Powiat brzozowski;1802
Gmina Nozdrzec;Powiat brzozowski;1802
Haczow;Powiat brzozowski;1802
Domaradz;Powiat brzozowski;1802
Debica;Powiat debicki;1803
Gmina Pilzno;Powiat debicki;1803
Gmina zyrakow;Powiat debicki;1803
Czarna;Powiat debicki;1803
Jodlowa;Powiat debicki;1803
Gmina Brzostek;Powiat debicki;1803
Jaroslaw;Powiat jaroslawski;1804
Gmina Pawlosiow;Powiat jaroslawski;1804
Gmina Wiazownica;Powiat jaroslawski;1804
Gmina Laszki;Powiat jaroslawski;1804
Radymno;Powiat jaroslawski;1804
Gmina Rozwienica;Powiat jaroslawski;1804
Pruchnik;Powiat jaroslawski;1804
Chlopice;Powiat jaroslawski;1804
Rokietnica;Powiat jaroslawski;1804
Jaslo;Powiat jasielski;1805
Skolyszyn;Powiat jasielski;1805
Brzyska;Powiat jasielski;1805
Gmina Tarnowiec;Powiat jasielski;1805
Gmina Kolaczyce;Powiat jasielski;1805
Debowiec;Powiat jasielski;1805
Osiek Jasielski;Powiat jasielski;1805
Gmina Nowy zmigrod;Powiat jasielski;1805
Gmina Krempna;Powiat jasielski;1805
Kolbuszowa;Powiat kolbuszowski;1806
Cmolas;Powiat kolbuszowski;1806
Niwiska;Powiat kolbuszowski;1806
Majdan Krolewski;Powiat kolbuszowski;1806
Gmina Dzikowiec;Powiat kolbuszowski;1806
Ranizow;Powiat kolbuszowski;1806
Gmina Chorkowka;Powiat krosnienski;1807
Gmina Jedlicze;Powiat krosnienski;1807
Gmina Korczyna;Powiat krosnienski;1807
Kroscienko Wyzne;Powiat krosnienski;1807
Gmina Miejsce Piastowe;Powiat krosnienski;1807
Iwonicz-Zdroj;Powiat krosnienski;1807
Gmina Dukla;Powiat krosnienski;1807
Gmina Wojaszowka;Powiat krosnienski;1807
Gmina Rymanow;Powiat krosnienski;1807
Jasliska;Powiat krosnienski;1807
Lezajsk;Powiat lezajski;1808
Gmina Kurylowka;Powiat lezajski;1808
Gmina Grodzisko Dolne;Powiat lezajski;1808
Gmina Nowa Sarzyna;Powiat lezajski;1808
Lubaczow;Powiat lubaczowski;1809
Narol;Powiat lubaczowski;1809
Gmina Cieszanow;Powiat lubaczowski;1809
Gmina Horyniec-Zdroj;Powiat lubaczowski;1809
Gmina Wielkie Oczy;Powiat lubaczowski;1809
Oleszyce;Powiat lubaczowski;1809
Gmina Stary Dzikow;Powiat lubaczowski;1809
lancut;Powiat lancucki;1810
Czarna;Powiat lancucki;1810
Bialobrzegi;Powiat lancucki;1810
zolynia;Powiat lancucki;1810
Rakszawa;Powiat lancucki;1810
Markowa;Powiat lancucki;1810
Mielec;Powiat mielecki;1811
Gmina Tuszow Narodowy;Powiat mielecki;1811
Gmina Wadowice Gorne;Powiat mielecki;1811
Czermin;Powiat mielecki;1811
Gmina Borowa;Powiat mielecki;1811
Gmina Gawluszowice;Powiat mielecki;1811
Gmina Radomysl Wielki;Powiat mielecki;1811
Gmina Przeclaw;Powiat mielecki;1811
Gmina Padew Narodowa;Powiat mielecki;1811
Nisko;Powiat nizanski;1812
Jarocin;Powiat nizanski;1812
Gmina Ulanow;Powiat nizanski;1812
Gmina Harasiuki;Powiat nizanski;1812
Gmina Krzeszow;Powiat nizanski;1812
Rudnik nad Sanem;Powiat nizanski;1812
Gmina Jezowe;Powiat nizanski;1812
Przemysl;Powiat przemyski;1813
Gmina Krasiczyn;Powiat przemyski;1813
Medyka;Powiat przemyski;1813
zurawica;Powiat przemyski;1813
Gmina Orly;Powiat przemyski;1813
Gmina Stubno;Powiat przemyski;1813
Gmina Fredropol;Powiat przemyski;1813
Bircza;Powiat przemyski;1813
Gmina Krzywcza;Powiat przemyski;1813
Gmina Dubiecko;Powiat przemyski;1813
Gmina Tryncza;Powiat przeworski;1814
Przeworsk;Powiat przeworski;1814
Gmina Zarzecze;Powiat przeworski;1814
Gac;Powiat przeworski;1814
Gmina Kanczuga;Powiat przeworski;1814
Gmina Jawornik Polski;Powiat przeworski;1814
Sieniawa;Powiat przeworski;1814
Adamowka;Powiat przeworski;1814
Ropczyce;Powiat ropczycko-sedziszowski;1815
Gmina Ostrow;Powiat ropczycko-sedziszowski;1815
Wielopole Skrzynskie;Powiat ropczycko-sedziszowski;1815
Gmina Sedziszow Malopolski;Powiat ropczycko-sedziszowski;1815
Iwierzyce;Powiat ropczycko-sedziszowski;1815
Gmina Boguchwala;Rzeszow County;1816
Gmina Glogow Malopolski;Rzeszow County;1816
Gmina Trzebownisko;Rzeszow County;1816
Krasne;Rzeszow County;1816
Chmielnik;Rzeszow County;1816
Tyczyn;Rzeszow County;1816
Gmina Hyzne;Rzeszow County;1816
Gmina Blazowa;Rzeszow County;1816
Lubenia;Rzeszow County;1816
Gmina Sokolow Malopolski;Rzeszow County;1816
Kamien;Rzeszow County;1816
swilcza;Rzeszow County;1816
Dynow;Rzeszow County;1816
Sanok;Powiat sanocki;1817
Gmina Zagorz;Powiat sanocki;1817
Gmina Bukowsko;Powiat sanocki;1817
Besko;Powiat sanocki;1817
Gmina Zarszyn;Powiat sanocki;1817
Gmina Tyrawa Woloska;Powiat sanocki;1817
Komancza;Powiat sanocki;1817
Gmina Pysznica;Powiat stalowowolski;1818
Gmina Zaleszany;Powiat stalowowolski;1818
Gmina Bojanow;Powiat stalowowolski;1818
Stalowa Wola;Powiat stalowowolski;1818
Gmina Zaklikow;Powiat stalowowolski;1818
Gmina Radomysl nad Sanem;Powiat stalowowolski;1818
Gmina Strzyzow;Powiat strzyzowski;1819
Czudec;Powiat strzyzowski;1819
Wisniowa;Powiat strzyzowski;1819
Gmina Niebylec;Powiat strzyzowski;1819
Gmina Frysztak;Powiat strzyzowski;1819
Gmina Nowa Deba;Powiat tarnobrzeski;1820
Grebow;Powiat tarnobrzeski;1820
Gorzyce;Powiat tarnobrzeski;1820
Gmina Baranow Sandomierski;Powiat tarnobrzeski;1820
Gmina Lesko;Powiat leski;1821
Gmina Baligrod;Powiat leski;1821
Cisna;Powiat leski;1821
Gmina Solina;Powiat leski;1821
Gmina Olszanica;Powiat leski;1821
Krosno;Krosno;1861
Przemysl;Przemysl;1862
Rzeszow;Rzeszow;1863
Tarnobrzeg;Tarnobrzeg;1864
Augustow;Powiat augustowski;2001
Gmina Nowinka;Powiat augustowski;2001
Sztabin;Powiat augustowski;2001
Gmina Lipsk;Powiat augustowski;2001
Barglow Koscielny;Powiat augustowski;2001
Gmina Plaska;Powiat augustowski;2001
Gmina Juchnowiec Koscielny;Powiat bialostocki;2002
Suprasl;Powiat bialostocki;2002
Gmina Zabludow;Powiat bialostocki;2002
Choroszcz;Powiat bialostocki;2002
Gmina Dobrzyniewo Duze;Powiat bialostocki;2002
Gmina Wasilkow;Powiat bialostocki;2002
Gmina Czarna Bialostocka;Powiat bialostocki;2002
Grodek;Powiat bialostocki;2002
Gmina Michalowo;Powiat bialostocki;2002
Gmina Tykocin;Powiat bialostocki;2002
Gmina Turosn Koscielna;Powiat bialostocki;2002
Zawady;Powiat bialostocki;2002
Gmina lapy;Powiat bialostocki;2002
Gmina Suraz;Powiat bialostocki;2002
Gmina Poswietne;Powiat bialostocki;2002
Bielsk Podlaski;Powiat bielski;2003
Wyszki;Powiat bielski;2003
Bransk;Powiat bielski;2003
Orla;Powiat bielski;2003
Bocki;Powiat bielski;2003
Rudka;Powiat bielski;2003
Grajewo;Powiat grajewski;2004
Gmina Radzilow;Powiat grajewski;2004
Gmina Rajgrod;Powiat grajewski;2004
Wasosz;Powiat grajewski;2004
Szczuczyn;Powiat grajewski;2004
Hajnowka;Powiat hajnowski;2005
Czyze;Powiat hajnowski;2005
Gmina Dubicze Cerkiewne;Powiat hajnowski;2005
Narew;Powiat hajnowski;2005
Gmina Narewka;Powiat hajnowski;2005
Gmina Bialowieza;Powiat hajnowski;2005
Gmina Czeremcha;Powiat hajnowski;2005
Gmina Kleszczele;Powiat hajnowski;2005
Kolno;Powiat kolnenski;2006
Grabowo;Powiat kolnenski;2006
Gmina Maly Plock;Powiat kolnenski;2006
Gmina Stawiski;Powiat kolnenski;2006
Gmina Turosl;Powiat kolnenski;2006
lomza;lomza County;2007
Gmina Piatnica;lomza County;2007
Gmina sniadowo;lomza County;2007
Gmina Miastkowo;lomza County;2007
Gmina Nowogrod;lomza County;2007
Gmina Zbojna;lomza County;2007
Jedwabne;lomza County;2007
Gmina Przytuly;lomza County;2007
Wizna;lomza County;2007
Gmina Jaswily;Powiat moniecki;2008
Gmina Monki;Powiat moniecki;2008
Gmina Trzcianne;Powiat moniecki;2008
Goniadz;Powiat moniecki;2008
Gmina Krypno;Powiat moniecki;2008
Gmina Knyszyn;Powiat moniecki;2008
Jasionowka;Powiat moniecki;2008
Krasnopol;Powiat sejnenski;2009
Sejny;Powiat sejnenski;2009
Giby;Powiat sejnenski;2009
Punsk;Powiat sejnenski;2009
Siemiatycze;Powiat siemiatycki;2010
Gmina Dziadkowice;Powiat siemiatycki;2010
Gmina Milejczyce;Powiat siemiatycki;2010
Mielnik;Powiat siemiatycki;2010
Drohiczyn;Powiat siemiatycki;2010
Gmina Perlejewo;Powiat siemiatycki;2010
Grodzisk;Powiat siemiatycki;2010
Gmina Nurzec-Stacja;Powiat siemiatycki;2010
Sokolka;Powiat sokolski;2011
Gmina Szudzialowo;Powiat sokolski;2011
Gmina Krynki;Powiat sokolski;2011
Gmina Kuznica;Powiat sokolski;2011
Sidra;Powiat sokolski;2011
Gmina Janow;Powiat sokolski;2011
Korycin;Powiat sokolski;2011
Suchowola;Powiat sokolski;2011
Gmina Dabrowa Bialostocka;Powiat sokolski;2011
Nowy Dwor;Powiat sokolski;2011
Szypliszki;Powiat suwalski;2012
Suwalki;Powiat suwalski;2012
Bakalarzewo;Powiat suwalski;2012
Gmina Jeleniewo;Powiat suwalski;2012
Gmina Rutka-Tartak;Powiat suwalski;2012
Wizajny;Powiat suwalski;2012
Gmina Raczki;Powiat suwalski;2012
Filipow;Powiat suwalski;2012
Przerosl;Powiat suwalski;2012
Wysokie Mazowieckie;Powiat wysokomazowiecki;2013
Gmina Kobylin-Borzymy;Powiat wysokomazowiecki;2013
Gmina Kulesze Koscielne;Powiat wysokomazowiecki;2013
Gmina Szepietowo;Powiat wysokomazowiecki;2013
Gmina Nowe Piekuty;Powiat wysokomazowiecki;2013
Klukowo;Powiat wysokomazowiecki;2013
Sokoly;Powiat wysokomazowiecki;2013
Czyzew;Powiat wysokomazowiecki;2013
Ciechanowiec;Powiat wysokomazowiecki;2013
Zambrow;Powiat zambrowski;2014
Gmina Kolaki Koscielne;Powiat zambrowski;2014
Szumowo;Powiat zambrowski;2014
Gmina Rutki;Powiat zambrowski;2014
Bialystok;Bialystok;2061
lomza;lomza;2062
Suwalki;Suwalki;2063
Gmina Czarna Dabrowka;Powiat bytowski;2201
Bytow;Powiat bytowski;2201
Borzytuchom;Powiat bytowski;2201
Gmina Parchowo;Powiat bytowski;2201
Studzienice;Powiat bytowski;2201
Lipnica;Powiat bytowski;2201
Tuchomie;Powiat bytowski;2201
Gmina Kolczyglowy;Powiat bytowski;2201
Miastko;Powiat bytowski;2201
Gmina Trzebielino;Powiat bytowski;2201
Konarzyny;Powiat chojnicki;2202
Gmina Czersk;Powiat chojnicki;2202
Chojnice;Powiat chojnicki;2202
Brusy;Powiat chojnicki;2202
Gmina Koczala;Powiat czluchowski;2203
Czluchow;Powiat czluchowski;2203
Gmina Rzeczenica;Powiat czluchowski;2203
Gmina Debrzno;Powiat czluchowski;2203
Gmina Przechlewo;Powiat czluchowski;2203
Gmina Czarne;Powiat czluchowski;2203
Gmina Kolbudy;Gdansk County;2204
Pruszcz Gdanski;Gdansk County;2204
Gmina Cedry Wielkie;Gdansk County;2204
Gmina Suchy Dab;Gdansk County;2204
Pszczolki;Gdansk County;2204
Gmina Trabki Wielkie;Gdansk County;2204
Przywidz;Gdansk County;2204
zukowo;Powiat kartuski;2205
Kartuzy;Powiat kartuski;2205
Gmina Przodkowo;Powiat kartuski;2205
Gmina Somonino;Powiat kartuski;2205
Stezyca;Powiat kartuski;2205
Gmina Suleczyno;Powiat kartuski;2205
Sierakowice;Powiat kartuski;2205
Chmielno;Powiat kartuski;2205
Koscierzyna;Powiat koscierski;2206
Nowa Karczma;Powiat koscierski;2206
Gmina Lipusz;Powiat koscierski;2206
Gmina Liniewo;Powiat koscierski;2206
Gmina Dziemiany;Powiat koscierski;2206
Gmina Stara Kiszewa;Powiat koscierski;2206
Gmina Karsin;Powiat koscierski;2206
Gmina Ryjewo;Powiat kwidzynski;2207
Kwidzyn;Powiat kwidzynski;2207
Gmina Gardeja;Powiat kwidzynski;2207
Gmina Sadlinki;Powiat kwidzynski;2207
Gmina Prabuty;Powiat kwidzynski;2207
Lebork;Powiat leborski;2208
Gmina Cewice;Powiat leborski;2208
Gmina Nowa Wies Leborska;Powiat leborski;2208
Wicko;Powiat leborski;2208
leba;Powiat leborski;2208
Malbork;Powiat malborski;2209
Gmina Miloradz;Powiat malborski;2209
Stare Pole;Powiat malborski;2209
Lichnowy;Powiat malborski;2209
Gmina Nowy Staw;Powiat malborski;2209
Gmina Nowy Dwor Gdanski;Powiat nowodworski;2210
Stegna;Powiat nowodworski;2210
Gmina Sztutowo;Powiat nowodworski;2210
Gmina Ostaszewo;Powiat nowodworski;2210
Krynica Morska;Powiat nowodworski;2210
Kosakowo;Powiat pucki;2211
Gmina Krokowa;Powiat pucki;2211
Puck;Powiat pucki;2211
Wladyslawowo;Powiat pucki;2211
Jastarnia;Powiat pucki;2211
Hel;Powiat pucki;2211
Slupsk;Powiat slupski;2212
Ustka;Powiat slupski;2212
Smoldzino;Powiat slupski;2212
Glowczyce;Powiat slupski;2212
Potegowo;Powiat slupski;2212
Gmina Damnica;Powiat slupski;2212
Gmina Debnica Kaszubska;Powiat slupski;2212
Kobylnica;Powiat slupski;2212
Kepice;Powiat slupski;2212
Starogard Gdanski;Powiat starogardzki;2213
Gmina Zblewo;Powiat starogardzki;2213
Gmina Lubichowo;Powiat starogardzki;2213
Skarszewy;Powiat starogardzki;2213
Kaliska;Powiat starogardzki;2213
Gmina Bobowo;Powiat starogardzki;2213
Skorcz;Powiat starogardzki;2213
Osieczna;Powiat starogardzki;2213
Osiek;Powiat starogardzki;2213
Gmina Smetowo Graniczne;Powiat starogardzki;2213
Czarna Woda;Powiat starogardzki;2213
Tczew;Powiat tczewski;2214
Gmina Subkowy;Powiat tczewski;2214
Pelplin;Powiat tczewski;2214
Gniew;Powiat tczewski;2214
Gmina Morzeszczyn;Powiat tczewski;2214
Gmina Szemud;Powiat wejherowski;2215
Wejherowo;Powiat wejherowski;2215
Gmina Choczewo;Powiat wejherowski;2215
leczyce;Powiat wejherowski;2215
Gmina Luzino;Powiat wejherowski;2215
Linia;Powiat wejherowski;2215
Rumia;Powiat wejherowski;2215
Reda;Powiat wejherowski;2215
Gmina Gniewino;Powiat wejherowski;2215
Sztum;Powiat sztumski;2216
Gmina Stary Targ;Powiat sztumski;2216
Gmina Mikolajki Pomorskie;Powiat sztumski;2216
Gmina Dzierzgon;Powiat sztumski;2216
Gmina Stary Dzierzgon;Powiat sztumski;2216
Gdansk;Gdansk;2261
Gdynia;Gdynia;2262
Slupsk;Slupsk;2263
Sopot;Sopot;2264
Czeladz;Powiat bedzinski;2401
Slawkow;Powiat bedzinski;2401
Psary;Powiat bedzinski;2401
Gmina Mierzecice;Powiat bedzinski;2401
Gmina Siewierz;Powiat bedzinski;2401
Bedzin;Powiat bedzinski;2401
Wojkowice;Powiat bedzinski;2401
Bobrowniki;Powiat bedzinski;2401
Wilkowice;Bielsko-Biala County;2402
Wilamowice;Bielsko-Biala County;2402
Kozy;Bielsko-Biala County;2402
Porabka;Bielsko-Biala County;2402
Szczyrk;Bielsko-Biala County;2402
Buczkowice;Bielsko-Biala County;2402
Jaworze;Bielsko-Biala County;2402
Gmina Jasienica;Bielsko-Biala County;2402
Czechowice-Dziedzice;Bielsko-Biala County;2402
Bestwina;Bielsko-Biala County;2402
Strumien;Powiat cieszynski;2403
Wisla;Powiat cieszynski;2403
Gmina Goleszow;Powiat cieszynski;2403
Cieszyn;Powiat cieszynski;2403
Zebrzydowice;Powiat cieszynski;2403
Hazlach;Powiat cieszynski;2403
Debowiec;Powiat cieszynski;2403
Skoczow;Powiat cieszynski;2403
Brenna;Powiat cieszynski;2403
Ustron;Powiat cieszynski;2403
Istebna;Powiat cieszynski;2403
Gmina Chybie;Powiat cieszynski;2403
Gmina Poczesna;Powiat czestochowski;2404
Starcza;Powiat czestochowski;2404
Gmina Konopiska;Powiat czestochowski;2404
Gmina Koniecpol;Powiat czestochowski;2404
Gmina Mykanow;Powiat czestochowski;2404
Gmina Lelow;Powiat czestochowski;2404
Redziny;Powiat czestochowski;2404
Gmina Mstow;Powiat czestochowski;2404
Gmina Przyrow;Powiat czestochowski;2404
Janow;Powiat czestochowski;2404
Olsztyn;Powiat czestochowski;2404
Gmina Kamienica Polska;Powiat czestochowski;2404
Gmina Dabrowa Zielona;Powiat czestochowski;2404
Gmina Klomnice;Powiat czestochowski;2404
Kruszyna;Powiat czestochowski;2404
Blachownia;Powiat czestochowski;2404
Gmina Rudziniec;Powiat gliwicki;2405
Gmina Toszek;Powiat gliwicki;2405
Pyskowice;Powiat gliwicki;2405
Pilchowice;Powiat gliwicki;2405
Sosnicowice;Powiat gliwicki;2405
Gieraltowice;Powiat gliwicki;2405
Wielowies;Powiat gliwicki;2405
Knurow;Powiat gliwicki;2405
Gmina Klobuck;Powiat klobucki;2406
Popow;Powiat klobucki;2406
Gmina Miedzno;Powiat klobucki;2406
Gmina Wreczyca Wielka;Powiat klobucki;2406
Panki;Powiat klobucki;2406
Gmina Przystajn;Powiat klobucki;2406
Gmina Opatow;Powiat klobucki;2406
Gmina Krzepice;Powiat klobucki;2406
Gmina Lipie;Powiat klobucki;2406
Gmina Boronow;Powiat lubliniecki;2407
Koszecin;Powiat lubliniecki;2407
Wozniki;Powiat lubliniecki;2407
Gmina Herby;Powiat lubliniecki;2407
Gmina Pawonkow;Powiat lubliniecki;2407
Lubliniec;Powiat lubliniecki;2407
Gmina Kochanowice;Powiat lubliniecki;2407
Gmina Ciasna;Powiat lubliniecki;2407
laziska Gorne;Powiat mikolowski;2408
Wyry;Powiat mikolowski;2408
Ornontowice;Powiat mikolowski;2408
Orzesze;Powiat mikolowski;2408
Mikolow;Powiat mikolowski;2408
zarki;Powiat myszkowski;2409
Myszkow;Powiat myszkowski;2409
Poraj;Powiat myszkowski;2409
Gmina Niegowa;Powiat myszkowski;2409
Gmina Kozieglowy;Powiat myszkowski;2409
Miedzna;Powiat pszczynski;2410
Goczalkowice-Zdroj;Powiat pszczynski;2410
Pszczyna;Powiat pszczynski;2410
Suszec;Powiat pszczynski;2410
Kobior;Powiat pszczynski;2410
Pawlowice;Powiat pszczynski;2410
Kornowac;Powiat raciborski;2411
Gmina Pietrowice Wielkie;Powiat raciborski;2411
Rudnik;Powiat raciborski;2411
Krzanowice;Powiat raciborski;2411
Raciborz;Powiat raciborski;2411
Gmina Kuznia Raciborska;Powiat raciborski;2411
Nedza;Powiat raciborski;2411
Krzyzanowice;Powiat raciborski;2411
swierklany;Powiat rybnicki;2412
Gaszowice;Powiat rybnicki;2412
Jejkowice;Powiat rybnicki;2412
Czerwionka-Leszczyny;Powiat rybnicki;2412
Gmina Lyski;Powiat rybnicki;2412
Radzionkow;Powiat tarnogorski;2413
Tarnowskie Gory;Powiat tarnogorski;2413
Miasteczko slaskie;Powiat tarnogorski;2413
swierklaniec;Powiat tarnogorski;2413
Gmina Ozarowice;Powiat tarnogorski;2413
Kalety;Powiat tarnogorski;2413
Gmina Zbroslawice;Powiat tarnogorski;2413
Gmina Tworog;Powiat tarnogorski;2413
Krupski Mlyn;Powiat tarnogorski;2413
Ledziny;Powiat bierunsko-ledzinski;2414
Bierun;Powiat bierunsko-ledzinski;2414
Chelm slaski;Powiat bierunsko-ledzinski;2414
Imielin;Powiat bierunsko-ledzinski;2414
Bojszowy;Powiat bierunsko-ledzinski;2414
Gmina Gorzyce;Wodzislaw County;2415
Rydultowy;Wodzislaw County;2415
Godow;Wodzislaw County;2415
Pszow;Wodzislaw County;2415
Wodzislaw slaski;Wodzislaw County;2415
Radlin;Wodzislaw County;2415
Marklowice;Wodzislaw County;2415
Mszana;Wodzislaw County;2415
Gmina Lubomia;Wodzislaw County;2415
Zawiercie;Powiat zawiercianski;2416
Gmina Wlodowice;Powiat zawiercianski;2416
Gmina Kroczyce;Powiat zawiercianski;2416
Pilica;Powiat zawiercianski;2416
zarnowiec;Powiat zawiercianski;2416
Ogrodzieniec;Powiat zawiercianski;2416
Gmina Szczekociny;Powiat zawiercianski;2416
Gmina Irzadze;Powiat zawiercianski;2416
Gmina lazy;Powiat zawiercianski;2416
Poreba;Powiat zawiercianski;2416
Lipowa;Powiat zywiecki;2417
zywiec;Powiat zywiecki;2417
Rajcza;Powiat zywiecki;2417
Czernichow;Powiat zywiecki;2417
lekawica;Powiat zywiecki;2417
Gilowice;Powiat zywiecki;2417
slemien;Powiat zywiecki;2417
lodygowice;Powiat zywiecki;2417
swinna;Powiat zywiecki;2417
Koszarawa;Powiat zywiecki;2417
Gmina Jelesnia;Powiat zywiecki;2417
Wegierska Gorka;Powiat zywiecki;2417
Milowka;Powiat zywiecki;2417
Gmina Ujsoly;Powiat zywiecki;2417
Radziechowy-Wieprz;Powiat zywiecki;2417
Bielsko-Biala;Bielsko-Biala;2461
Bytom;Bytom;2462
Chorzow;Chorzow;2463
Czestochowa;Czestochowa;2464
Dabrowa Gornicza;Dabrowa Gornicza;2465
Gliwice;Gliwice;2466
Jastrzebie-Zdroj;Jastrzebie-Zdroj;2467
Jaworzno;Jaworzno;2468
Katowice;Katowice;2469
Myslowice;Myslowice;2470
Piekary slaskie;Piekary slaskie;2471
Ruda slaska;Ruda slaska;2472
Rybnik;Rybnik;2473
Siemianowice slaskie;Siemianowice slaskie;2474
Sosnowiec;Sosnowiec;2475
swietochlowice;swietochlowice;2476
Tychy;Tychy;2477
Zabrze;Zabrze;2478
zory;zory;2479
Gnojno;Powiat buski;2601
Busko-Zdroj;Powiat buski;2601
Gmina Stopnica;Powiat buski;2601
Tuczepy;Powiat buski;2601
Gmina Solec-Zdroj;Powiat buski;2601
Gmina Pacanow;Powiat buski;2601
Gmina Nowy Korczyn;Powiat buski;2601
Gmina Wislica;Powiat buski;2601
Gmina Sobkow;Powiat jedrzejowski;2602
Jedrzejow;Powiat jedrzejowski;2602
Gmina Imielno;Powiat jedrzejowski;2602
Wodzislaw;Powiat jedrzejowski;2602
Gmina Sedziszow;Powiat jedrzejowski;2602
Slupia (Jedrzejowska);Powiat jedrzejowski;2602
Gmina Naglowice;Powiat jedrzejowski;2602
Oksa;Powiat jedrzejowski;2602
Gmina Malogoszcz;Powiat jedrzejowski;2602
Czarnocin;Powiat kazimierski;2603
Gmina Skalbmierz;Powiat kazimierski;2603
Gmina Kazimierza Wielka;Powiat kazimierski;2603
Gmina Bejsce;Powiat kazimierski;2603
Morawica;Powiat kielecki;2604
Gmina Gorno;Powiat kielecki;2604
Gmina Maslow;Powiat kielecki;2604
Bieliny;Powiat kielecki;2604
Gmina Nowa Slupia;Powiat kielecki;2604
Bodzentyn;Powiat kielecki;2604
Pierzchnica;Powiat kielecki;2604
Gmina Chmielnik;Powiat kielecki;2604
Gmina Daleszyce;Powiat kielecki;2604
Gmina lagow;Powiat kielecki;2604
Gmina Rakow;Powiat kielecki;2604
Gmina Zagnansk;Powiat kielecki;2604
Gmina Sitkowka-Nowiny;Powiat kielecki;2604
Gmina Checiny;Powiat kielecki;2604
Gmina Piekoszow;Powiat kielecki;2604
Gmina Strawczyn;Powiat kielecki;2604
lopuszno;Powiat kielecki;2604
Gmina Mniow;Powiat kielecki;2604
Gmina Miedziana Gora;Powiat kielecki;2604
Konskie;Powiat konecki;2605
Staporkow;Powiat konecki;2605
Smykow;Powiat konecki;2605
Gmina Radoszyce;Powiat konecki;2605
Gmina Gowarczow;Powiat konecki;2605
Slupia (Konecka);Powiat konecki;2605
Ruda Maleniecka;Powiat konecki;2605
Gmina Falkow;Powiat konecki;2605
Ozarow;Powiat opatowski;2606
Gmina Opatow;Powiat opatowski;2606
Tarlow;Powiat opatowski;2606
Wojciechowice;Powiat opatowski;2606
Gmina Lipnik;Powiat opatowski;2606
Gmina Backowice;Powiat opatowski;2606
Gmina Iwaniska;Powiat opatowski;2606
Sadowie;Powiat opatowski;2606
Ostrowiec swietokrzyski;Powiat ostrowiecki;2607
Gmina Bodzechow;Powiat ostrowiecki;2607
Gmina Kunow;Powiat ostrowiecki;2607
Gmina Baltow;Powiat ostrowiecki;2607
Wasniow;Powiat ostrowiecki;2607
cmielow;Powiat ostrowiecki;2607
Gmina Dzialoszyce;Powiat pinczowski;2608
Pinczow;Powiat pinczowski;2608
Michalow;Powiat pinczowski;2608
Kije;Powiat pinczowski;2608
Zlota;Powiat pinczowski;2608
Gmina Koprzywnica;Powiat sandomierski;2609
Sandomierz;Powiat sandomierski;2609
Gmina Obrazow;Powiat sandomierski;2609
Gmina Dwikozy;Powiat sandomierski;2609
Gmina Samborzec;Powiat sandomierski;2609
Gmina Wilczyce;Powiat sandomierski;2609
Gmina Zawichost;Powiat sandomierski;2609
Klimontow;Powiat sandomierski;2609
Gmina loniow;Powiat sandomierski;2609
Skarzysko-Kamienna;Powiat skarzyski;2610
Gmina Skarzysko Koscielne;Powiat skarzyski;2610
Gmina Blizyn;Powiat skarzyski;2610
Gmina Suchedniow;Powiat skarzyski;2610
laczna;Powiat skarzyski;2610
Gmina Mirzec;Powiat starachowicki;2611
Pawlow;Powiat starachowicki;2611
Brody;Powiat starachowicki;2611
Starachowice;Powiat starachowicki;2611
Gmina Wachock;Powiat starachowicki;2611
Staszow;Staszow County;2612
Bogoria;Staszow County;2612
Rytwiany;Staszow County;2612
Osiek;Staszow County;2612
Olesnica;Staszow County;2612
Szydlow;Staszow County;2612
Polaniec;Staszow County;2612
lubnice;Staszow County;2612
Wloszczowa;Powiat wloszczowski;2613
Gmina Krasocin;Powiat wloszczowski;2613
Gmina Kluczewsko;Powiat wloszczowski;2613
Gmina Moskorzew;Powiat wloszczowski;2613
Gmina Radkow;Powiat wloszczowski;2613
Gmina Secemin;Powiat wloszczowski;2613
Kielce;Kielce;2661
Bartoszyce;Powiat bartoszycki;2801
Sepopol;Powiat bartoszycki;2801
Gorowo Ilaweckie;Powiat bartoszycki;2801
Gmina Bisztynek;Powiat bartoszycki;2801
Gmina Wilczeta;Powiat braniewski;2802
Braniewo;Powiat braniewski;2802
Gmina Pieniezno;Powiat braniewski;2802
Gmina Lelkowo;Powiat braniewski;2802
Gmina Ploskinia;Powiat braniewski;2802
Frombork;Powiat braniewski;2802
Dzialdowo;Powiat dzialdowski;2803
Gmina Plosnica;Powiat dzialdowski;2803
Rybno;Powiat dzialdowski;2803
Gmina Lidzbark;Powiat dzialdowski;2803
Gmina Ilowo-Osada;Powiat dzialdowski;2803
Gmina Paslek;Powiat elblaski;2804
Gmina Godkowo;Powiat elblaski;2804
Rychliki;Powiat elblaski;2804
Gmina Mlynary;Powiat elblaski;2804
Gmina Milejewo;Powiat elblaski;2804
Elblag;Powiat elblaski;2804
Gmina Markusy;Powiat elblaski;2804
Gmina Gronowo Elblaskie;Powiat elblaski;2804
Tolkmicko;Powiat elblaski;2804
Elk;Powiat elcki;2805
Gmina Prostki;Powiat elcki;2805
Kalinowo;Powiat elcki;2805
Gmina Stare Juchy;Powiat elcki;2805
Gizycko;Powiat gizycki;2806
Gmina Wydminy;Powiat gizycki;2806
Gmina Milki;Powiat gizycki;2806
Gmina Ryn;Powiat gizycki;2806
Kruklanki;Powiat gizycki;2806
Ilawa;Powiat ilawski;2807
Kisielice;Powiat ilawski;2807
Lubawa;Powiat ilawski;2807
Zalewo;Powiat ilawski;2807
Susz;Powiat ilawski;2807
Ketrzyn;Powiat ketrzynski;2808
Gmina Barciany;Powiat ketrzynski;2808
Gmina Srokowo;Powiat ketrzynski;2808
Gmina Korsze;Powiat ketrzynski;2808
Reszel;Powiat ketrzynski;2808
Lidzbark Warminski;Powiat lidzbarski;2809
Gmina Kiwity;Powiat lidzbarski;2809
Gmina Orneta;Powiat lidzbarski;2809
Gmina Lubomino;Powiat lidzbarski;2809
Mragowo;Powiat mragowski;2810
Piecki;Powiat mragowski;2810
Mikolajki;Powiat mragowski;2810
Gmina Sorkwity;Powiat mragowski;2810
Gmina Nidzica;Powiat nidzicki;2811
Gmina Janowiec Koscielny;Powiat nidzicki;2811
Janowo;Powiat nidzicki;2811
Kozlowo;Powiat nidzicki;2811
Nowe Miasto Lubawskie;Powiat nowomiejski;2812
Gmina Kurzetnik;Powiat nowomiejski;2812
Gmina Grodziczno;Powiat nowomiejski;2812
Biskupiec;Powiat nowomiejski;2812
Gmina Olecko;Powiat olecki;2813
Kowale Oleckie;Powiat olecki;2813
swietajno;Powiat olecki;2813
Wieliczki;Powiat olecki;2813
Gmina Dywity;Powiat olsztynski;2814
Gmina Barczewo;Powiat olsztynski;2814
Purda;Powiat olsztynski;2814
Stawiguda;Powiat olsztynski;2814
swiatki;Powiat olsztynski;2814
Olsztynek;Powiat olsztynski;2814
Gmina Gietrzwald;Powiat olsztynski;2814
Gmina Dobre Miasto;Powiat olsztynski;2814
Gmina Jonkowo;Powiat olsztynski;2814
Biskupiec;Powiat olsztynski;2814
Kolno;Powiat olsztynski;2814
Jeziorany;Powiat olsztynski;2814
Ostroda;Powiat ostrodzki;2815
Gmina lukta;Powiat ostrodzki;2815
Gmina Grunwald;Powiat ostrodzki;2815
Gmina Dabrowno;Powiat ostrodzki;2815
Gmina Milomlyn;Powiat ostrodzki;2815
Gmina Morag;Powiat ostrodzki;2815
Milakowo;Powiat ostrodzki;2815
Gmina Maldyty;Powiat ostrodzki;2815
Pisz;Powiat piski;2816
Gmina Ruciane-Nida;Powiat piski;2816
Gmina Biala Piska;Powiat piski;2816
Orzysz;Powiat piski;2816
Szczytno;Powiat szczycienski;2817
Rozogi;Powiat szczycienski;2817
Gmina Dzwierzuty;Powiat szczycienski;2817
Jedwabno;Powiat szczycienski;2817
Gmina Pasym;Powiat szczycienski;2817
swietajno;Powiat szczycienski;2817
Wielbark;Powiat szczycienski;2817
Gmina Goldap;Powiat goldapski;2818
Gmina Banie Mazurskie;Powiat goldapski;2818
Gmina Dubeninki;Powiat goldapski;2818
Gmina Wegorzewo;Powiat wegorzewski;2819
Gmina Budry;Powiat wegorzewski;2819
Gmina Pozezdrze;Powiat wegorzewski;2819
Elblag;Elblag;2861
Olsztyn;Olsztyn;2862
Chodziez;Powiat chodzieski;3001
Gmina Szamocin;Powiat chodzieski;3001
Margonin;Powiat chodzieski;3001
Gmina Budzyn;Powiat chodzieski;3001
Czarnkow;Powiat czarnkowsko-trzcianecki;3002
Polajewo;Powiat czarnkowsko-trzcianecki;3002
Lubasz;Powiat czarnkowsko-trzcianecki;3002
Gmina Wielen;Powiat czarnkowsko-trzcianecki;3002
Drawsko;Powiat czarnkowsko-trzcianecki;3002
Gmina Krzyz Wielkopolski;Powiat czarnkowsko-trzcianecki;3002
Gmina Trzcianka;Powiat czarnkowsko-trzcianecki;3002
Gniezno;Powiat gnieznienski;3003
Mieleszyn;Powiat gnieznienski;3003
Gmina Niechanowo;Powiat gnieznienski;3003
Gmina Witkowo;Powiat gnieznienski;3003
Gmina Trzemeszno;Powiat gnieznienski;3003
Gmina Czerniejewo;Powiat gnieznienski;3003
lubowo;Powiat gnieznienski;3003
Gmina Klecko;Powiat gnieznienski;3003
Kiszkowo;Powiat gnieznienski;3003
Gostyn;Powiat gostynski;3004
Piaski;Powiat gostynski;3004
Gmina Poniec;Powiat gostynski;3004
Borek Wielkopolski;Powiat gostynski;3004
Pepowo;Powiat gostynski;3004
Gmina Krobia;Powiat gostynski;3004
Gmina Pogorzela;Powiat gostynski;3004
Grodzisk Wielkopolski;Powiat grodziski;3005
Granowo;Powiat grodziski;3005
Gmina Rakoniewice;Powiat grodziski;3005
Gmina Wielichowo;Powiat grodziski;3005
Kamieniec;Powiat grodziski;3005
Jarocin;Powiat jarocinski;3006
Gmina zerkow;Powiat jarocinski;3006
Kotlin;Powiat jarocinski;3006
Jaraczewo;Powiat jarocinski;3006
Gmina Godziesze Wielkie;Powiat kaliski;3007
Gmina Blizanow;Powiat kaliski;3007
zelazkow;Powiat kaliski;3007
Mycielin;Powiat kaliski;3007
Gmina Stawiszyn;Powiat kaliski;3007
Gmina Cekow-Kolonia;Powiat kaliski;3007
Kozminek;Powiat kaliski;3007
Gmina Liskow;Powiat kaliski;3007
Gmina Opatowek;Powiat kaliski;3007
Gmina Szczytniki;Powiat kaliski;3007
Brzeziny;Powiat kaliski;3007
Gmina Kepno;Powiat kepinski;3008
Baranow;Powiat kepinski;3008
Trzcinica;Powiat kepinski;3008
Gmina Rychtal;Powiat kepinski;3008
Bralin;Powiat kepinski;3008
Gmina Perzow;Powiat kepinski;3008
Gmina leka Opatowska;Powiat kepinski;3008
Koscielec;Powiat kolski;3009
Kolo;Powiat kolski;3009
Osiek Maly;Powiat kolski;3009
Babiak;Powiat kolski;3009
Przedecz;Powiat kolski;3009
Grzegorzew;Powiat kolski;3009
Olszowka;Powiat kolski;3009
Gmina Klodawa;Powiat kolski;3009
Chodow;Powiat kolski;3009
Dabie;Powiat kolski;3009
Gmina Golina;Konin County;3010
Grodziec;Konin County;3010
Stare Miasto;Konin County;3010
Gmina slesin;Konin County;3010
Gmina Kramsk;Konin County;3010
Krzymow;Konin County;3010
Gmina Kazimierz Biskupi;Konin County;3010
Gmina Kleczew;Konin County;3010
Wilczyn;Konin County;3010
Gmina Skulsk;Konin County;3010
Wierzbinek;Konin County;3010
Gmina Rychwal;Konin County;3010
Rzgow;Konin County;3010
Sompolno;Konin County;3010
Koscian;Powiat koscianski;3011
Gmina Krzywin;Powiat koscianski;3011
Gmina Czempin;Powiat koscianski;3011
Gmina smigiel;Powiat koscianski;3011
Gmina Kozmin Wielkopolski;Powiat krotoszynski;3012
Gmina Krotoszyn;Powiat krotoszynski;3012
Gmina Zduny;Powiat krotoszynski;3012
Gmina Rozdrazew;Powiat krotoszynski;3012
Gmina Kobylin;Powiat krotoszynski;3012
Sulmierzyce;Powiat krotoszynski;3012
Gmina swieciechowa;Leszno_County;3013
Lipno;Leszno_County;3013
Gmina Osieczna;Leszno_County;3013
Gmina Wloszakowice;Leszno_County;3013
Krzemieniewo;Leszno_County;3013
Gmina Rydzyna;Leszno_County;3013
Gmina Wijewo;Leszno_County;3013
Gmina Miedzychod;Powiat miedzychodzki;3014
Gmina Sierakow;Powiat miedzychodzki;3014
Gmina Chrzypsko Wielkie;Powiat miedzychodzki;3014
Gmina Kwilcz;Powiat miedzychodzki;3014
Gmina Nowy Tomysl;Powiat nowotomyski;3015
Gmina Miedzichowo;Powiat nowotomyski;3015
Lwowek;Powiat nowotomyski;3015
Gmina Kuslin;Powiat nowotomyski;3015
Gmina Opalenica;Powiat nowotomyski;3015
Gmina Zbaszyn;Powiat nowotomyski;3015
Gmina Oborniki;Powiat obornicki;3016
Ryczywol;Powiat obornicki;3016
Gmina Rogozno;Powiat obornicki;3016
Gmina Nowe Skalmierzyce;Powiat ostrowski;3017
Ostrow Wielkopolski;Powiat ostrowski;3017
Sieroszewice;Powiat ostrowski;3017
Gmina Przygodzice;Powiat ostrowski;3017
Gmina Odolanow;Powiat ostrowski;3017
Gmina Sosnie;Powiat ostrowski;3017
Gmina Raszkow;Powiat ostrowski;3017
Gmina Ostrzeszow;Powiat ostrzeszowski;3018
Doruchow;Powiat ostrzeszowski;3018
Kobyla Gora;Powiat ostrzeszowski;3018
Mikstat;Powiat ostrzeszowski;3018
Grabow nad Prosna;Powiat ostrzeszowski;3018
Kraszewice;Powiat ostrzeszowski;3018
Czajkow;Powiat ostrzeszowski;3018
Kaczory;Powiat pilski;3019
Gmina Ujscie;Powiat pilski;3019
Pila;Powiat pilski;3019
Szydlowo;Powiat pilski;3019
Wyrzysk;Powiat pilski;3019
Gmina lobzenica;Powiat pilski;3019
Gmina Wysoka;Powiat pilski;3019
Gmina Bialosliwie;Powiat pilski;3019
Gmina Miasteczko Krajenskie;Powiat pilski;3019
Goluchow;Powiat pleszewski;3020
Pleszew;Powiat pleszewski;3020
Czermin;Powiat pleszewski;3020
Gizalki;Powiat pleszewski;3020
Chocz;Powiat pleszewski;3020
Gmina Dobrzyca;Powiat pleszewski;3020
Gmina Dopiewo;Powiat poznanski;3021
Gmina Mosina;Powiat poznanski;3021
Gmina Suchy Las;Powiat poznanski;3021
Gmina Czerwonak;Powiat poznanski;3021
Gmina Swarzedz;Powiat poznanski;3021
Gmina Pobiedziska;Powiat poznanski;3021
Gmina Kornik;Powiat poznanski;3021
Kostrzyn;Powiat poznanski;3021
Lubon;Powiat poznanski;3021
Puszczykowo;Powiat poznanski;3021
Komorniki;Powiat poznanski;3021
Gmina Steszew;Powiat poznanski;3021
Gmina Tarnowo Podgorne;Powiat poznanski;3021
Rokietnica;Powiat poznanski;3021
Gmina Murowana Goslina;Powiat poznanski;3021
Kleszczewo;Powiat poznanski;3021
Gmina Buk;Powiat poznanski;3021
Pakoslaw;Powiat rawicki;3022
Rawicz;Powiat rawicki;3022
Gmina Miejska Gorka;Powiat rawicki;3022
Gmina Jutrosin;Powiat rawicki;3022
Gmina Bojanowo;Powiat rawicki;3022
Slupca;Powiat slupecki;3023
Ostrowite;Powiat slupecki;3023
Gmina Ladek;Powiat slupecki;3023
Gmina Zagorow;Powiat slupecki;3023
Strzalkowo;Powiat slupecki;3023
Powidz;Powiat slupecki;3023
Gmina Orchowo;Powiat slupecki;3023
Pniewy;Powiat szamotulski;3024
Gmina Szamotuly;Powiat szamotulski;3024
Gmina Wronki;Powiat szamotulski;3024
Obrzycko;Powiat szamotulski;3024
Gmina Kazmierz;Powiat szamotulski;3024
Duszniki;Powiat szamotulski;3024
Gmina Ostrorog;Powiat szamotulski;3024
Gmina Zaniemysl;Powiat sredzki;3025
Krzykosy;Powiat sredzki;3025
sroda Wielkopolska;Powiat sredzki;3025
Gmina Dominowo;Powiat sredzki;3025
Nowe Miasto nad Warta;Powiat sredzki;3025
srem;Powiat sremski;3026
Brodnica;Powiat sremski;3026
Ksiaz Wielkopolski;Powiat sremski;3026
Gmina Dolsk;Powiat sremski;3026
Turek;Powiat turecki;3027
Kaweczyn;Powiat turecki;3027
Malanow;Powiat turecki;3027
Wladyslawow;Powiat turecki;3027
Brudzew;Powiat turecki;3027
Dobra;Powiat turecki;3027
Gmina Przykona;Powiat turecki;3027
Tuliszkow;Powiat turecki;3027
Skoki;Powiat wagrowiecki;3028
Wagrowiec;Powiat wagrowiecki;3028
Gmina Damaslawek;Powiat wagrowiecki;3028
Wapno;Powiat wagrowiecki;3028
Gmina Golancz;Powiat wagrowiecki;3028
Miescisko;Powiat wagrowiecki;3028
Wolsztyn;Powiat wolsztynski;3029
Siedlec;Powiat wolsztynski;3029
Przemet;Powiat wolsztynski;3029
Gmina Wrzesnia;Powiat wrzesinski;3030
Kolaczkowo;Powiat wrzesinski;3030
Gmina Pyzdry;Powiat wrzesinski;3030
Gmina Miloslaw;Powiat wrzesinski;3030
Gmina Nekla;Powiat wrzesinski;3030
Gmina Jastrowie;Powiat zlotowski;3031
Gmina Krajenka;Powiat zlotowski;3031
Okonek;Powiat zlotowski;3031
Tarnowka;Powiat zlotowski;3031
Zlotow;Powiat zlotowski;3031
Zakrzewo;Powiat zlotowski;3031
Lipka;Powiat zlotowski;3031
Kalisz;Kalisz;3061
Konin;Konin;3062
Leszno;Leszno;3063
Poznan;Poznan;3064
Bialogard;Powiat bialogardzki;3201
Gmina Tychowo;Powiat bialogardzki;3201
Gmina Karlino;Powiat bialogardzki;3201
Gmina Choszczno;Powiat choszczenski;3202
Gmina Recz;Powiat choszczenski;3202
Gmina Drawno;Powiat choszczenski;3202
Krzecin;Powiat choszczenski;3202
Bierzwnik;Powiat choszczenski;3202
Gmina Pelczyce;Powiat choszczenski;3202
Gmina Czaplinek;Powiat drawski;3203
Gmina Drawsko Pomorskie;Powiat drawski;3203
Gmina Ostrowice;Powiat drawski;3203
Gmina Zlocieniec;Powiat drawski;3203
Wierzchowo;Powiat drawski;3203
Kalisz Pomorski;Powiat drawski;3203
Gmina Goleniow;Powiat goleniowski;3204
Gmina Przybiernow;Powiat goleniowski;3204
Gmina Stepnica;Powiat goleniowski;3204
Gmina Maszewo;Powiat goleniowski;3204
Gmina Nowogard;Powiat goleniowski;3204
Osina;Powiat goleniowski;3204
Trzebiatow;Powiat gryficki;3205
Gryfice;Powiat gryficki;3205
Gmina Ploty;Powiat gryficki;3205
Gmina Brojce;Powiat gryficki;3205
Karnice;Powiat gryficki;3205
Gmina Rewal;Powiat gryficki;3205
Gmina Gryfino;Powiat gryfinski;3206
Stare Czarnowo;Powiat gryfinski;3206
Banie;Powiat gryfinski;3206
Widuchowa;Powiat gryfinski;3206
Chojna;Powiat gryfinski;3206
Gmina Moryn;Powiat gryfinski;3206
Mieszkowice;Powiat gryfinski;3206
Gmina Trzcinsko-Zdroj;Powiat gryfinski;3206
Cedynia;Powiat gryfinski;3206
Kamien Pomorski;Powiat kamienski;3207
Dziwnow;Powiat kamienski;3207
swierzno;Powiat kamienski;3207
Gmina Golczewo;Powiat kamienski;3207
Gmina Miedzyzdroje;Powiat kamienski;3207
Gmina Wolin;Powiat kamienski;3207
Gmina Dygowo;Powiat kolobrzeski;3208
Kolobrzeg;Powiat kolobrzeski;3208
Gmina Ustronie Morskie;Powiat kolobrzeski;3208
Gmina Goscino;Powiat kolobrzeski;3208
Gmina Siemysl;Powiat kolobrzeski;3208
Gmina Ryman;Powiat kolobrzeski;3208
Gmina Sianow;Powiat koszalinski;3209
Gmina Manowo;Powiat koszalinski;3209
Mielno;Powiat koszalinski;3209
Gmina Polanow;Powiat koszalinski;3209
Gmina Bobolice;Powiat koszalinski;3209
swieszyno;Powiat koszalinski;3209
Gmina Bedzino;Powiat koszalinski;3209
Biesiekierz;Powiat koszalinski;3209
Mysliborz;Powiat mysliborski;3210
Gmina Nowogrodek Pomorski;Powiat mysliborski;3210
Gmina Barlinek;Powiat mysliborski;3210
Gmina Debno;Powiat mysliborski;3210
Boleszkowice;Powiat mysliborski;3210
Gmina Kolbaskowo;Powiat policki;3211
Dobra (Szczecinska);Powiat policki;3211
Police;Powiat policki;3211
Gmina Nowe Warpno;Powiat policki;3211
Gmina Przelewice;Powiat pyrzycki;3212
Kozielice;Powiat pyrzycki;3212
Gmina Pyrzyce;Powiat pyrzycki;3212
Warnice;Powiat pyrzycki;3212
Bielice;Powiat pyrzycki;3212
Gmina Lipiany;Powiat pyrzycki;3212
Slawno;Powiat slawienski;3213
Gmina Postomino;Powiat slawienski;3213
Malechowo;Powiat slawienski;3213
Darlowo;Powiat slawienski;3213
Stargard;Powiat stargardzki;3214
Gmina Kobylanka;Powiat stargardzki;3214
Gmina Stara Dabrowa;Powiat stargardzki;3214
Gmina Dolice;Powiat stargardzki;3214
Gmina Chociwel;Powiat stargardzki;3214
Marianowo;Powiat stargardzki;3214
Gmina Dobrzany;Powiat stargardzki;3214
Gmina Insko;Powiat stargardzki;3214
Gmina Suchan;Powiat stargardzki;3214
Szczecinek;Powiat szczecinecki;3215
Gmina Bialy Bor;Powiat szczecinecki;3215
Gmina Borne Sulinowo;Powiat szczecinecki;3215
Grzmiaca;Powiat szczecinecki;3215
Gmina Barwice;Powiat szczecinecki;3215
swidwin;Powiat swidwinski;3216
Gmina Slawoborze;Powiat swidwinski;3216
Gmina Brzezno;Powiat swidwinski;3216
Gmina Polczyn-Zdroj;Powiat swidwinski;3216
Gmina Rabino;Powiat swidwinski;3216
Walcz;Powiat walecki;3217
Czlopa;Powiat walecki;3217
Gmina Tuczno;Powiat walecki;3217
Gmina Miroslawiec;Powiat walecki;3217
Gmina Dobra;Powiat lobeski;3218
Radowo Male;Powiat lobeski;3218
Gmina Resko;Powiat lobeski;3218
lobez;Powiat lobeski;3218
Gmina Wegorzyno;Powiat lobeski;3218
Koszalin;Koszalin;3261
Szczecin;Szczecin;3262
swinoujscie;swinoujscie;3263
