gmi_name,pow_name,pow_teryt
boleslawiec,boleslawiecki,0201
gromadka,boleslawiecki,0201
warta boleslawiecka,boleslawiecki,0201
osiecznica,boleslawiecki,0201
nowogrodziec,boleslawiecki,0201
pieszyce,dzierzoniowski,0202
dzierzoniow,dzierzoniowski,0202
lagiewniki,dzierzoniowski,0202
niemcza,dzierzoniowski,0202
pilawa gorna,dzierzoniowski,0202
bielawa,dzierzoniowski,0202
glogow,glogow county,0203
jerzmanowa,glogow county,0203
peclaw,glogow county,0203
zukowice,glogow county,0203
kotla,glogow county,0203
gora,gora county,0204
jemielno,gora county,0204
wasosz,gora county,0204
niechlow,gora county,0204
jawor,jawor county,0205
msciwojow,jawor county,0205
paszowice,jawor county,0205
bolkow,jawor county,0205
mecinka,jawor county,0205
wadroze wielkie,jawor county,0205
podgorzyn,jelenia gora county,0206
myslakowice,jelenia gora county,0206
jezow sudecki,jelenia gora county,0206
janowice wielkie,jelenia gora county,0206
stara kamienica,jelenia gora county,0206
kowary,jelenia gora county,0206
karpacz,jelenia gora county,0206
piechowice,jelenia gora county,0206
szklarska poreba,jelenia gora county,0206
kamienna gora,kamienna gora county,0207
lubawka,kamienna gora county,0207
marciszow,kamienna gora county,0207
stronie slaskie,klodzko county,0208
klodzko,klodzko county,0208
szczytna,klodzko county,0208
polanica-zdroj,klodzko county,0208
bystrzyca klodzka,klodzko county,0208
duszniki-zdroj,klodzko county,0208
lewin klodzki,klodzko county,0208
kudowa-zdroj,klodzko county,0208
radkow,klodzko county,0208
nowa ruda,klodzko county,0208
miedzylesie,klodzko county,0208
ladek-zdroj,klodzko county,0208
chojnow,legnicki,0209
kunice,legnicki,0209
milkowice,legnicki,0209
krotoszyce,legnicki,0209
prochowice,legnicki,0209
legnickie pole,legnicki,0209
ruja,legnicki,0209
luban,luban county,0210
siekierczyn,luban county,0210
lesna,luban county,0210
platerowka,luban county,0210
olszyna,luban county,0210
swieradow-zdroj,luban county,0210
rudna,lubin county,0211
lubin,lubin county,0211
scinawa,lubin county,0211
lwowek slaski,lwowek slaski county,0212
lubomierz,lwowek slaski county,0212
wlen,lwowek slaski county,0212
gryfow slaski,lwowek slaski county,0212
mirsk,lwowek slaski county,0212
milicz,milicz county,0213
krosnice,milicz county,0213
cieszkow,milicz county,0213
olesnica,olesnica county,0214
dobroszyce,olesnica county,0214
twardogora,olesnica county,0214
bierutow,olesnica county,0214
sycow,olesnica county,0214
dziadowa kloda,olesnica county,0214
miedzyborz,olesnica county,0214
olawa,olawa county,0215
domaniow,olawa county,0215
jelcz-laskowice,olawa county,0215
polkowice,polkowice county,0216
chocianow,polkowice county,0216
grebocice,polkowice county,0216
radwanice,polkowice county,0216
przemkow,polkowice county,0216
gaworzyce,polkowice county,0216
strzelin,strzelin county,0217
borow,strzelin county,0217
przeworno,strzelin county,0217
wiazow,strzelin county,0217
kondratowice,strzelin county,0217
sroda slaska,sroda slaska county,0218
kostomloty,sroda slaska county,0218
malczyce,sroda slaska county,0218
miekinia,sroda slaska county,0218
udanin,sroda slaska county,0218
swidnica,swidnica county,0219
marcinowice,swidnica county,0219
zarow,swidnica county,0219
jaworzyna slaska,swidnica county,0219
strzegom,swidnica county,0219
swiebodzice,swidnica county,0219
dobromierz,swidnica county,0219
trzebnica,trzebnica county,0220
oborniki slaskie,trzebnica county,0220
zawonia,trzebnica county,0220
prusice,trzebnica county,0220
wisznia mala,trzebnica county,0220
zmigrod,trzebnica county,0220
stare bogaczowice,walbrzych county,0221
szczawno-zdroj,walbrzych county,0221
walim,walbrzych county,0221
jedlina-zdroj,walbrzych county,0221
gluszyca,walbrzych county,0221
mieroszow,walbrzych county,0221
boguszow-gorce,walbrzych county,0221
czarny bor,walbrzych county,0221
wolow,wolow county,0222
winsko,wolow county,0222
brzeg dolny,wolow county,0222
czernica,wroclawski,0223
siechnice,wroclawski,0223
kobierzyce,wroclawski,0223
sobotka,wroclawski,0223
katy wroclawskie,wroclawski,0223
mietkow,wroclawski,0223
dlugoleka,wroclawski,0223
jordanow slaski,wroclawski,0223
zorawina,wroclawski,0223
zabkowice slaskie,zabkowice slaskie county,0224
cieplowody,zabkowice slaskie county,0224
stoszowice,zabkowice slaskie county,0224
ziebice,zabkowice slaskie county,0224
kamieniec zabkowicki,zabkowice slaskie county,0224
zloty stok,zabkowice slaskie county,0224
bardo,zabkowice slaskie county,0224
zgorzelec,zgorzelec county,0225
sulikow,zgorzelec county,0225
bogatynia,zgorzelec county,0225
piensk,zgorzelec county,0225
wegliniec,zgorzelec county,0225
zawidow,zgorzelec county,0225
zlotoryja,zlotoryja county,0226
zagrodno,zlotoryja county,0226
pielgrzymka,zlotoryja county,0226
swierzawa,zlotoryja county,0226
wojcieszow,zlotoryja county,0226
jelenia gora,jelenia gora,0261
legnica,legnica,0262
wroclaw,wroclaw,0264
walbrzych,walbrzych,0265
aleksandrow kujawski,aleksandrowski,0401
koneck,aleksandrowski,0401
badkowo,aleksandrowski,0401
zakrzewo,aleksandrowski,0401
raciazek,aleksandrowski,0401
ciechocinek,aleksandrowski,0401
nieszawa,aleksandrowski,0401
waganiec,aleksandrowski,0401
brodnica,brodnicki,0402
bobrowo,brodnicki,0402
zbiczno,brodnicki,0402
osiek,brodnicki,0402
brzozie,brodnicki,0402
gorzno,brodnicki,0402
bartniczka,brodnicki,0402
jablonowo pomorskie,brodnicki,0402
swiedziebnia,brodnicki,0402
biale blota,bydgoski,0403
koronowo,bydgoski,0403
sicienko,bydgoski,0403
osielsko,bydgoski,0403
dobrcz,bydgoski,0403
solec kujawski,bydgoski,0403
nowa wies wielka,bydgoski,0403
dabrowa chelminska,bydgoski,0403
chelmno,chelminski,0404
kijewo krolewskie,chelminski,0404
stolno,chelminski,0404
papowo biskupie,chelminski,0404
lisewo,chelminski,0404
unislaw,chelminski,0404
golub-dobrzyn,golubsko-dobrzynski,0405
radomin,golubsko-dobrzynski,0405
ciechocin,golubsko-dobrzynski,0405
kowalewo pomorskie,golubsko-dobrzynski,0405
zbojno,golubsko-dobrzynski,0405
grudziadz,grudziadzki,0406
rogozno,grudziadzki,0406
lasin,grudziadzki,0406
swiecie nad osa,grudziadzki,0406
gruta,grudziadzki,0406
radzyn chelminski,grudziadzki,0406
inowroclaw,inowroclawski,0407
dabrowa biskupia,inowroclawski,0407
rojewo,inowroclawski,0407
kruszwica,inowroclawski,0407
gniewkowo,inowroclawski,0407
pakosc,inowroclawski,0407
janikowo,inowroclawski,0407
zlotniki kujawskie,inowroclawski,0407
bobrowniki,lipnowski,0408
lipno,lipnowski,0408
wielgie,lipnowski,0408
chrostkowo,lipnowski,0408
tluchowo,lipnowski,0408
dobrzyn nad wisla,lipnowski,0408
kikol,lipnowski,0408
skepe,lipnowski,0408
mogilno,mogilenski,0409
dabrowa,mogilenski,0409
strzelno,mogilenski,0409
jeziora wielkie,mogilenski,0409
mrocza,nakielski,0410
naklo nad notecia,nakielski,0410
sadki,nakielski,0410
szubin,nakielski,0410
kcynia,nakielski,0410
topolka,radziejowski,0411
radziejow,radziejowski,0411
dobre,radziejowski,0411
osieciny,radziejowski,0411
piotrkow kujawski,radziejowski,0411
byton,radziejowski,0411
wapielsk,rypinski,0412
rypin,rypinski,0412
skrwilno,rypinski,0412
rogowo,rypinski,0412
brzuze,rypinski,0412
sepolno krajenskie,sepolenski,0413
wiecbork,sepolenski,0413
sosno,sepolenski,0413
kamien krajenski,sepolenski,0413
swiecie,swiecki,0414
pruszcz,swiecki,0414
bukowiec,swiecki,0414
jezewo,swiecki,0414
dragacz,swiecki,0414
drzycim,swiecki,0414
lniano,swiecki,0414
osie,swiecki,0414
warlubie,swiecki,0414
nowe,swiecki,0414
swiekatowo,swiecki,0414
wielka nieszawka,torun county,0415
obrowo,torun county,0415
zlawies wielka,torun county,0415
chelmza,torun county,0415
lysomice,torun county,0415
lubianka,torun county,0415
lubicz,torun county,0415
czernikowo,torun county,0415
cekcyn,tucholski,0416
tuchola,tucholski,0416
sliwice,tucholski,0416
kesowo,tucholski,0416
lubiewo,tucholski,0416
gostycyn,tucholski,0416
wabrzezno,wabrzeski,0417
debowa laka,wabrzeski,0417
pluznica,wabrzeski,0417
ksiazki,wabrzeski,0417
fabianki,wloclawski,0418
lubanie,wloclawski,0418
wloclawek,wloclawski,0418
brzesc kujawski,wloclawski,0418
kowal,wloclawski,0418
baruchowo,wloclawski,0418
lubien kujawski,wloclawski,0418
chocen,wloclawski,0418
boniewo,wloclawski,0418
chodecz,wloclawski,0418
izbica kujawska,wloclawski,0418
lubraniec,wloclawski,0418
barcin,zninski,0419
znin,zninski,0419
gasawa,zninski,0419
rogowo,zninski,0419
janowiec wielkopolski,zninski,0419
labiszyn,zninski,0419
bydgoszcz,bydgoszcz,0461
grudziadz,grudziadz,0462
torun,torun,0463
wloclawek,wloclawek,0464
miedzyrzec podlaski,bialski,0601
biala podlaska,bialski,0601
rokitno,bialski,0601
janow podlaski,bialski,0601
koden,bialski,0601
zalesie,bialski,0601
slawatycze,bialski,0601
sosnowka,bialski,0601
tuczna,bialski,0601
piszczac,bialski,0601
lomazy,bialski,0601
rossosz,bialski,0601
terespol,bialski,0601
lesna podlaska,bialski,0601
konstantynow,bialski,0601
drelow,bialski,0601
wisznice,bialski,0601
bilgoraj,bilgorajski,0602
tereszpol,bilgorajski,0602
aleksandrow,bilgorajski,0602
lukowa,bilgorajski,0602
obsza,bilgorajski,0602
ksiezpol,bilgorajski,0602
tarnogrod,bilgorajski,0602
potok gorny,bilgorajski,0602
biszcza,bilgorajski,0602
frampol,bilgorajski,0602
goraj,bilgorajski,0602
jozefow,bilgorajski,0602
turobin,bilgorajski,0602
chelm,chelm county,0603
sawin,chelm county,0603
ruda-huta,chelm county,0603
kamien,chelm county,0603
dorohusk,chelm county,0603
zmudz,chelm county,0603
wojslawice,chelm county,0603
lesniowice,chelm county,0603
siedliszcze,chelm county,0603
bialopole,chelm county,0603
dubienka,chelm county,0603
wierzbica,chelm county,0603
rejowiec fabryczny,chelm county,0603
rejowiec,chelm county,0603
hrubieszow,hrubieszowski,0604
uchanie,hrubieszowski,0604
horodlo,hrubieszowski,0604
mircze,hrubieszowski,0604
werbkowice,hrubieszowski,0604
dolhobyczow,hrubieszowski,0604
trzeszczany,hrubieszowski,0604
janow lubelski,janowski,0605
godziszow,janowski,0605
dzwola,janowski,0605
chrzanow,janowski,0605
modliborzyce,janowski,0605
potok wielki,janowski,0605
batorz,janowski,0605
fajslawice,krasnostawski,0606
krasnystaw,krasnostawski,0606
siennica rozana,krasnostawski,0606
krasniczyn,krasnostawski,0606
gorzkow,krasnostawski,0606
rudnik,krasnostawski,0606
zolkiewka,krasnostawski,0606
lopiennik gorny,krasnostawski,0606
izbica,krasnostawski,0606
krasnik,krasnicki,0607
dzierzkowice,krasnicki,0607
wilkolaz,krasnicki,0607
zakrzowek,krasnicki,0607
szastarka,krasnicki,0607
trzydnik duzy,krasnicki,0607
goscieradow,krasnicki,0607
annopol,krasnicki,0607
urzedow,krasnicki,0607
lubartow,lubartowski,0608
ostrowek,lubartowski,0608
niedzwiada,lubartowski,0608
serniki,lubartowski,0608
uscimow,lubartowski,0608
ostrow lubelski,lubartowski,0608
kamionka,lubartowski,0608
firlej,lubartowski,0608
michow,lubartowski,0608
abramow,lubartowski,0608
jeziorzany,lubartowski,0608
kock,lubartowski,0608
konopnica,lubelski,0609
wolka,lubelski,0609
glusk,lubelski,0609
jastkow,lubelski,0609
niemce,lubelski,0609
jablonna,lubelski,0609
garbow,lubelski,0609
bychawa,lubelski,0609
strzyzewice,lubelski,0609
krzczonow,lubelski,0609
wysokie,lubelski,0609
zakrzew,lubelski,0609
wojciechow,lubelski,0609
belzyce,lubelski,0609
niedrzwica duza,lubelski,0609
borzechow,lubelski,0609
leczna,leczynski,0610
puchaczow,leczynski,0610
milejow,leczynski,0610
cycow,leczynski,0610
ludwin,leczynski,0610
spiczyn,leczynski,0610
lukow,lukowski,0611
trzebieszow,lukowski,0611
wojcieszkow,lukowski,0611
adamow,lukowski,0611
serokomla,lukowski,0611
stanin,lukowski,0611
wola myslowska,lukowski,0611
stoczek lukowski,lukowski,0611
krzywda,lukowski,0611
karczmiska,opolski,0612
opole lubelskie,opolski,0612
wilkow,opolski,0612
laziska,opolski,0612
poniatowa,opolski,0612
jozefow nad wisla,opolski,0612
chodel,opolski,0612
parczew,parczewski,0613
jablon,parczewski,0613
milanow,parczewski,0613
debowa kloda,parczewski,0613
siemien,parczewski,0613
podedworze,parczewski,0613
sosnowica,parczewski,0613
pulawy,pulawski,0614
zyrzyn,pulawski,0614
baranow,pulawski,0614
konskowola,pulawski,0614
kazimierz dolny,pulawski,0614
wawolnica,pulawski,0614
janowiec,pulawski,0614
naleczow,pulawski,0614
kurow,pulawski,0614
markuszow,pulawski,0614
radzyn podlaski,radzynski,0615
kakolewnica wschodnia,radzynski,0615
czemierniki,radzynski,0615
ulan-majorat,radzynski,0615
wohyn,radzynski,0615
komarowka podlaska,radzynski,0615
borki,radzynski,0615
ryki,rycki,0616
nowodwor,rycki,0616
ulez,rycki,0616
deblin,rycki,0616
stezyca,rycki,0616
kloczew,rycki,0616
melgiew,swidnicki,0617
trawniki,swidnicki,0617
swidnik,swidnicki,0617
piaski,swidnicki,0617
rybczewice,swidnicki,0617
tomaszow lubelski,tomaszowski,0618
tarnawatka,tomaszowski,0618
susiec,tomaszowski,0618
krynice,tomaszowski,0618
tyszowce,tomaszowski,0618
rachanie,tomaszowski,0618
laszczow,tomaszowski,0618
telatyn,tomaszowski,0618
jarczow,tomaszowski,0618
ulhowek,tomaszowski,0618
belzec,tomaszowski,0618
lubycza krolewska,tomaszowski,0618
wlodawa,wlodawski,0619
wyryki,wlodawski,0619
hanna,wlodawski,0619
wola uhruska,wlodawski,0619
urszulin,wlodawski,0619
hansk,wlodawski,0619
stary brus,wlodawski,0619
zamosc,zamojski,0620
krasnobrod,zamojski,0620
nielisz,zamojski,0620
stary zamosc,zamojski,0620
skierbieszow,zamojski,0620
sitno,zamojski,0620
grabowiec,zamojski,0620
radecznica,zamojski,0620
komarow-osada,zamojski,0620
labunie,zamojski,0620
adamow,zamojski,0620
sulow,zamojski,0620
miaczyn,zamojski,0620
szczebrzeszyn,zamojski,0620
zwierzyniec,zamojski,0620
biala podlaska,biala podlaska,0661
chelm,chelm,0662
lublin,lublin,0663
zamosc,zamosc,0664
santok,gorzowski,0801
klodawa,gorzowski,0801
lubiszyn,gorzowski,0801
deszczno,gorzowski,0801
bogdaniec,gorzowski,0801
witnica,gorzowski,0801
kostrzyn nad odra,gorzowski,0801
krosno odrzanskie,krosnienski,0802
maszewo,krosnienski,0802
dabie,krosnienski,0802
gubin,krosnienski,0802
bobrowice,krosnienski,0802
bytnica,krosnienski,0802
miedzyrzecz,miedzyrzecki,0803
trzciel,miedzyrzecki,0803
pszczew,miedzyrzecki,0803
przytoczna,miedzyrzecki,0803
bledzew,miedzyrzecki,0803
skwierzyna,miedzyrzecki,0803
nowa sol,nowosolski,0804
otyn,nowosolski,0804
siedlisko,nowosolski,0804
bytom odrzanski,nowosolski,0804
kozuchow,nowosolski,0804
nowe miasteczko,nowosolski,0804
kolsko,nowosolski,0804
slubice,slubicki,0805
cybinka,slubicki,0805
rzepin,slubicki,0805
gorzyca,slubicki,0805
osno lubuskie,slubicki,0805
dobiegniew,strzelecko-drezdenecki,0806
strzelce krajenskie,strzelecko-drezdenecki,0806
drezdenko,strzelecko-drezdenecki,0806
stare kurowo,strzelecko-drezdenecki,0806
zwierzyn,strzelecko-drezdenecki,0806
torzym,sulecinski,0807
krzeszyce,sulecinski,0807
slonsk,sulecinski,0807
sulecin,sulecinski,0807
lubniewice,sulecinski,0807
swiebodzin,swiebodzinski,0808
zbaszynek,swiebodzinski,0808
skape,swiebodzinski,0808
lubrza,swiebodzinski,0808
lagow,swiebodzinski,0808
szczaniec,swiebodzinski,0808
zabor,zielonogorski,0809
swidnica,zielonogorski,0809
nowogrod bobrzanski,zielonogorski,0809
czerwiensk,zielonogorski,0809
sulechow,zielonogorski,0809
babimost,zielonogorski,0809
kargowa,zielonogorski,0809
bojadla,zielonogorski,0809
trzebiechow,zielonogorski,0809
szprotawa,zaganski,0810
niegoslawice,zaganski,0810
malomice,zaganski,0810
zagan,zaganski,0810
brzeznica,zaganski,0810
ilowa,zaganski,0810
gozdnica,zaganski,0810
wymiarki,zaganski,0810
przewoz,zarski,0811
zary,zarski,0811
leknica,zarski,0811
trzebiel,zarski,0811
lipinki luzyckie,zarski,0811
tuplice,zarski,0811
jasien,zarski,0811
lubsko,zarski,0811
brody,zarski,0811
wschowa,wschowski,0812
szlichtyngowa,wschowski,0812
slawa,wschowski,0812
gorzow wielkopolski,gorzow wielkopolski,0861
zielona gora,zielona gora,0862
belchatow,belchatowski,1001
druzbice,belchatowski,1001
kleszczow,belchatowski,1001
kluki,belchatowski,1001
szczercow,belchatowski,1001
zelow,belchatowski,1001
rusiec,belchatowski,1001
kutno,kutnowski,1002
lanieta,kutnowski,1002
strzelce,kutnowski,1002
bedlno,kutnowski,1002
oporow,kutnowski,1002
krzyzanow,kutnowski,1002
zychlin,kutnowski,1002
krosniewice,kutnowski,1002
nowe ostrowy,kutnowski,1002
dabrowice,kutnowski,1002
lask,laski,1003
wodzierady,laski,1003
buczek,laski,1003
sedziejowice,laski,1003
widawa,laski,1003
leczyca,leczycki,1004
daszyna,leczycki,1004
gora swietej malgorzaty,leczycki,1004
piatek,leczycki,1004
swinice warckie,leczycki,1004
grabow,leczycki,1004
witonia,leczycki,1004
lowicz,lowicki,1005
miasto lowicz,lowicki,1005
kiernozia,lowicki,1005
chasno,lowicki,1005
kocierzew poludniowy,lowicki,1005
nieborow,lowicki,1005
lyszkowice,lowicki,1005
bielawy,lowicki,1005
domaniewice,lowicki,1005
zduny,lowicki,1005
andrespol,lodzki wschodni,1006
nowosolna,lodzki wschodni,1006
brojce,lodzki wschodni,1006
koluszki,lodzki wschodni,1006
rzgow,lodzki wschodni,1006
tuszyn,lodzki wschodni,1006
opoczno,opoczynski,1007
bialaczow,opoczynski,1007
poswietne,opoczynski,1007
zarnow,opoczynski,1007
slawno,opoczynski,1007
paradyz,opoczynski,1007
drzewica,opoczynski,1007
mniszkow,opoczynski,1007
pabianice,pabianicki,1008
konstantynow lodzki,pabianicki,1008
ksawerow,pabianicki,1008
dlutow,pabianicki,1008
dobron,pabianicki,1008
lutomiersk,pabianicki,1008
pajeczno,pajeczanski,1009
nowa brzeznica,pajeczanski,1009
rzasnia,pajeczanski,1009
strzelce wielkie,pajeczanski,1009
sulmierzyce,pajeczanski,1009
siemkowice,pajeczanski,1009
dzialoszyn,pajeczanski,1009
kielczyglow,pajeczanski,1009
aleksandrow,piotrkowski,1010
grabica,piotrkowski,1010
moszczenica,piotrkowski,1010
czarnocin,piotrkowski,1010
wolborz,piotrkowski,1010
sulejow,piotrkowski,1010
rozprza,piotrkowski,1010
gorzkowice,piotrkowski,1010
leki szlacheckie,piotrkowski,1010
wola krzysztoporska,piotrkowski,1010
reczno,piotrkowski,1010
poddebice,poddebicki,1011
dalikow,poddebicki,1011
uniejow,poddebicki,1011
wartkowice,poddebicki,1011
zadzim,poddebicki,1011
peczniew,poddebicki,1011
radomsko,radomszczanski,1012
kamiensk,radomszczanski,1012
gomunice,radomszczanski,1012
ladzice,radomszczanski,1012
dobryszyce,radomszczanski,1012
kodrab,radomszczanski,1012
maslowice,radomszczanski,1012
kobiele wielkie,radomszczanski,1012
wielgomlyny,radomszczanski,1012
zytno,radomszczanski,1012
gidle,radomszczanski,1012
lgota wielka,radomszczanski,1012
przedborz,radomszczanski,1012
rawa mazowiecka,rawski,1013
biala rawska,rawski,1013
sadkowice,rawski,1013
cieladz,rawski,1013
regnow,rawski,1013
sieradz,sieradzki,1014
goszczanow,sieradzki,1014
braszewice,sieradzki,1014
blaszki,sieradzki,1014
burzenin,sieradzki,1014
zloczew,sieradzki,1014
klonowa,sieradzki,1014
brzeznio,sieradzki,1014
wroblew,sieradzki,1014
warta,sieradzki,1014
skierniewice,skierniewicki,1015
kowiesy,skierniewicki,1015
nowy kaweczyn,skierniewicki,1015
makow,skierniewicki,1015
godzianow,skierniewicki,1015
lipce reymontowskie,skierniewicki,1015
slupia,skierniewicki,1015
gluchow,skierniewicki,1015
bolimow,skierniewicki,1015
tomaszow mazowiecki,tomaszowski,1016
budziszewice,tomaszowski,1016
inowlodz,tomaszowski,1016
czerniewice,tomaszowski,1016
lubochnia,tomaszowski,1016
rzeczyca,tomaszowski,1016
rokiciny,tomaszowski,1016
ujazd,tomaszowski,1016
zelechlinek,tomaszowski,1016
bedkow,tomaszowski,1016
wielun,wielunski,1017
czarnozyly,wielunski,1017
ostrowek,wielunski,1017
konopnica,wielunski,1017
osjakow,wielunski,1017
wierzchlas,wielunski,1017
patnow,wielunski,1017
mokrsko,wielunski,1017
skomlin,wielunski,1017
biala,wielunski,1017
lututow,wieruszowski,1018
wieruszow,wieruszowski,1018
galewice,wieruszowski,1018
czastary,wieruszowski,1018
sokolniki,wieruszowski,1018
boleslawiec,wieruszowski,1018
lubnice,wieruszowski,1018
zapolice,zdunska wola county,1019
zdunska wola,zdunska wola county,1019
szadek,zdunska wola county,1019
zgierz,zgierski,1020
strykow,zgierski,1020
glowno,zgierski,1020
ozorkow,zgierski,1020
parzeczew,zgierski,1020
aleksandrow lodzki,zgierski,1020
dmosin,brzezinski,1021
jezow,brzezinski,1021
brzeziny,brzezinski,1021
rogow,brzezinski,1021
lodz,lodz,1061
piotrkow trybunalski,piotrkow trybunalski,1062
skierniewice,skierniewice,1063
bochnia,bochenski,1201
trzciana,bochenski,1201
rzezawa,bochenski,1201
drwinia,bochenski,1201
nowy wisnicz,bochenski,1201
lipnica murowana,bochenski,1201
zegocina,bochenski,1201
lapanow,bochenski,1201
brzesko,brzeski,1202
szczurowa,brzeski,1202
borzecin,brzeski,1202
debno,brzeski,1202
czchow,brzeski,1202
gnojnik,brzeski,1202
iwkowa,brzeski,1202
trzebinia,chrzanowski,1203
chrzanow,chrzanowski,1203
libiaz,chrzanowski,1203
babice,chrzanowski,1203
alwernia,chrzanowski,1203
dabrowa tarnowska,dabrowski,1204
medrzechow,dabrowski,1204
olesno,dabrowski,1204
szczucin,dabrowski,1204
radgoszcz,dabrowski,1204
boleslaw,dabrowski,1204
greboszow,dabrowski,1204
gorlice,gorlicki,1205
uscie gorlickie,gorlicki,1205
bobowa,gorlicki,1205
lipinki,gorlicki,1205
biecz,gorlicki,1205
sekowa,gorlicki,1205
ropa,gorlicki,1205
moszczenica,gorlicki,1205
luzna,gorlicki,1205
skawina,krakowski,1206
zabierzow,krakowski,1206
slomniki,krakowski,1206
kocmyrzow-luborzyca,krakowski,1206
michalowice,krakowski,1206
swiatniki gorne,krakowski,1206
mogilany,krakowski,1206
skala,krakowski,1206
suloszowa,krakowski,1206
jerzmanowice-przeginia,krakowski,1206
wielka wies,krakowski,1206
liszki,krakowski,1206
czernichow,krakowski,1206
krzeszowice,krakowski,1206
zielonki,krakowski,1206
iwanowice,krakowski,1206
igolomia-wawrzenczyce,krakowski,1206
limanowa,limanowski,1207
slopnice,limanowski,1207
laskowa,limanowski,1207
lukowica,limanowski,1207
kamienica,limanowski,1207
jodlownik,limanowski,1207
dobra,limanowski,1207
tymbark,limanowski,1207
mszana dolna,limanowski,1207
niedzwiedz,limanowski,1207
golcza,miechowski,1208
miechow,miechowski,1208
ksiaz wielki,miechowski,1208
slaboszow,miechowski,1208
charsznica,miechowski,1208
raclawice,miechowski,1208
kozlow,miechowski,1208
myslenice,myslenicki,1209
pcim,myslenicki,1209
siepraw,myslenicki,1209
dobczyce,myslenicki,1209
raciechowice,myslenicki,1209
wisniowa,myslenicki,1209
lubien,myslenicki,1209
tokarnia,myslenicki,1209
sulkowice,myslenicki,1209
chelmiec,nowosadecki,1210
lososina dolna,nowosadecki,1210
rytro,nowosadecki,1210
lacko,nowosadecki,1210
kamionka wielka,nowosadecki,1210
grodek nad dunajcem,nowosadecki,1210
grybow,nowosadecki,1210
korzenna,nowosadecki,1210
nawojowa,nowosadecki,1210
labowa,nowosadecki,1210
krynica-zdroj,nowosadecki,1210
stary sacz,nowosadecki,1210
piwniczna-zdroj,nowosadecki,1210
muszyna,nowosadecki,1210
podegrodzie,nowosadecki,1210
rabka-zdroj,nowotarski,1211
spytkowice,nowotarski,1211
nowy targ,nowotarski,1211
czorsztyn,nowotarski,1211
czarny dunajec,nowotarski,1211
szaflary,nowotarski,1211
lapsze nizne,nowotarski,1211
kroscienko nad dunajcem,nowotarski,1211
ochotnica dolna,nowotarski,1211
szczawnica,nowotarski,1211
jablonka,nowotarski,1211
lipnica wielka,nowotarski,1211
raba wyzna,nowotarski,1211
wolbrom,olkuski,1212
olkusz,olkuski,1212
klucze,olkuski,1212
boleslaw,olkuski,1212
bukowno,olkuski,1212
trzyciaz,olkuski,1212
kety,oswiecimski,1213
oswiecim,oswiecimski,1213
chelmek,oswiecimski,1213
polanka wielka,oswiecimski,1213
osiek,oswiecimski,1213
brzeszcze,oswiecimski,1213
zator,oswiecimski,1213
przeciszow,oswiecimski,1213
proszowice,proszowicki,1214
radziemice,proszowicki,1214
koniusza,proszowicki,1214
palecznica,proszowicki,1214
nowe brzesko,proszowicki,1214
koszyce,proszowicki,1214
sucha beskidzka,suski,1215
stryszawa,suski,1215
zembrzyce,suski,1215
jordanow,suski,1215
budzow,suski,1215
zawoja,suski,1215
makow podhalanski,suski,1215
bystra-sidzina,suski,1215
wojnicz,tarnowski,1216
zakliczyn,tarnowski,1216
lisia gora,tarnowski,1216
wierzchoslawice,tarnowski,1216
tarnow,tarnowski,1216
plesna,tarnowski,1216
radlow,tarnowski,1216
zabno,tarnowski,1216
skrzyszow,tarnowski,1216
ryglice,tarnowski,1216
rzepiennik strzyzewski,tarnowski,1216
tuchow,tarnowski,1216
gromnik,tarnowski,1216
ciezkowice,tarnowski,1216
wietrzychowice,tarnowski,1216
szerzyny,tarnowski,1216
bukowina tatrzanska,tatrzanski,1217
bialy dunajec,tatrzanski,1217
zakopane,tatrzanski,1217
koscielisko,tatrzanski,1217
poronin,tatrzanski,1217
kalwaria zebrzydowska,wadowicki,1218
tomice,wadowicki,1218
wadowice,wadowicki,1218
lanckorona,wadowicki,1218
brzeznica,wadowicki,1218
mucharz,wadowicki,1218
wieprz,wadowicki,1218
spytkowice,wadowicki,1218
andrychow,wadowicki,1218
stryszow,wadowicki,1218
biskupice,wielicki,1219
wieliczka,wielicki,1219
niepolomice,wielicki,1219
klaj,wielicki,1219
gdow,wielicki,1219
krakow,krakow,1261
nowy sacz,nowy sacz,1262
tarnow,tarnow,1263
promna,bialobrzeski,1401
radzanow,bialobrzeski,1401
bialobrzegi,bialobrzeski,1401
wysmierzyce,bialobrzeski,1401
stromiec,bialobrzeski,1401
stara blotnica,bialobrzeski,1401
opinogora gorna,ciechanowski,1402
ciechanow,ciechanowski,1402
regimin,ciechanowski,1402
golymin-osrodek,ciechanowski,1402
sonsk,ciechanowski,1402
glinojeck,ciechanowski,1402
ojrzen,ciechanowski,1402
grudusk,ciechanowski,1402
garwolin,garwolinski,1403
gorzno,garwolinski,1403
borowie,garwolinski,1403
miastkow koscielny,garwolinski,1403
zelechow,garwolinski,1403
pilawa,garwolinski,1403
parysow,garwolinski,1403
laskarzew,garwolinski,1403
trojanow,garwolinski,1403
sobolew,garwolinski,1403
wilga,garwolinski,1403
maciejowice,garwolinski,1403
gostynin,gostyninski,1404
sanniki,gostyninski,1404
pacyna,gostyninski,1404
szczawin koscielny,gostyninski,1404
podkowa lesna,grodziski,1405
milanowek,grodziski,1405
grodzisk mazowiecki,grodziski,1405
jaktorow,grodziski,1405
baranow,grodziski,1405
zabia wola,grodziski,1405
grojec,grojecki,1406
jasieniec,grojecki,1406
goszczyn,grojecki,1406
bledow,grojecki,1406
belsk duzy,grojecki,1406
mogielnica,grojecki,1406
chynow,grojecki,1406
pniewy,grojecki,1406
warka,grojecki,1406
nowe miasto nad pilica,grojecki,1406
kozienice,kozienicki,1407
glowaczow,kozienicki,1407
grabow nad pilica,kozienicki,1407
magnuszew,kozienicki,1407
gniewoszow,kozienicki,1407
sieciechow,kozienicki,1407
garbatka-letnisko,kozienicki,1407
jablonna,legionowski,1408
legionowo,legionowski,1408
nieporet,legionowski,1408
wieliszew,legionowski,1408
serock,legionowski,1408
sienno,lipski,1409
ciepielow,lipski,1409
lipsko,lipski,1409
chotcza,lipski,1409
solec nad wisla,lipski,1409
rzeczniow,lipski,1409
losice,losicki,1410
stara kornica,losicki,1410
huszlew,losicki,1410
olszanka,losicki,1410
platerow,losicki,1410
sarnaki,losicki,1410
czerwonka,makowski,1411
karniewo,makowski,1411
makow mazowiecki,makowski,1411
szelkow,makowski,1411
ploniawy-bramura,makowski,1411
krasnosielc,makowski,1411
sypniewo,makowski,1411
rzewnie,makowski,1411
rozan,makowski,1411
mlynarze,makowski,1411
sulejowek,minski,1412
halinow,minski,1412
debe wielkie,minski,1412
minsk mazowiecki,minski,1412
stanislawow,minski,1412
jakubow,minski,1412
dobre,minski,1412
kaluszyn,minski,1412
mrozy,minski,1412
latowicz,minski,1412
ceglow,minski,1412
siennica,minski,1412
strzegowo,mlawski,1413
szydlowo,mlawski,1413
lipowiec koscielny,mlawski,1413
wieczfnia koscielna,mlawski,1413
wisniewo,mlawski,1413
mlawa,mlawski,1413
dzierzgowo,mlawski,1413
szrensk,mlawski,1413
radzanow,mlawski,1413
stupsk,mlawski,1413
czosnow,nowodworski,1414
nowy dwor mazowiecki,nowodworski,1414
pomiechowek,nowodworski,1414
leoncin,nowodworski,1414
zakroczym,nowodworski,1414
nasielsk,nowodworski,1414
rzekun,ostrolecki,1415
kadzidlo,ostrolecki,1415
baranowo,ostrolecki,1415
lelis,ostrolecki,1415
olszewo-borki,ostrolecki,1415
troszyn,ostrolecki,1415
czerwin,ostrolecki,1415
myszyniec,ostrolecki,1415
czarnia,ostrolecki,1415
lyse,ostrolecki,1415
goworowo,ostrolecki,1415
ostrow mazowiecka,ostrowski,1416
stary lubotyn,ostrowski,1416
andrzejewo,ostrowski,1416
brok,ostrowski,1416
wasewo,ostrowski,1416
malkinia gorna,ostrowski,1416
nur,ostrowski,1416
zareby koscielne,ostrowski,1416
szulborze wielkie,ostrowski,1416
boguty-pianki,ostrowski,1416
wiazowna,otwocki,1417
kolbiel,otwocki,1417
otwock,otwocki,1417
jozefow,otwocki,1417
celestynow,otwocki,1417
karczew,otwocki,1417
sobienie-jeziory,otwocki,1417
osieck,otwocki,1417
piaseczno,piaseczynski,1418
lesznowola,piaseczynski,1418
konstancin-jeziorna,piaseczynski,1418
tarczyn,piaseczynski,1418
prazmow,piaseczynski,1418
gora kalwaria,piaseczynski,1418
drobin,plocki,1419
bielsk,plocki,1419
stara biala,plocki,1419
radzanowo,plocki,1419
slupno,plocki,1419
brudzen duzy,plocki,1419
starozreby,plocki,1419
wyszogrod,plocki,1419
bulkowo,plocki,1419
bodzanow,plocki,1419
mala wies,plocki,1419
nowy duninow,plocki,1419
lack,plocki,1419
gabin,plocki,1419
slubice,plocki,1419
plonsk,plonski,1420
nowe miasto,plonski,1420
raciaz,plonski,1420
dzierzaznia,plonski,1420
joniec,plonski,1420
sochocin,plonski,1420
baboszewo,plonski,1420
zaluski,plonski,1420
czerwinsk nad wisla,plonski,1420
naruszewo,plonski,1420
raszyn,pruszkowski,1421
pruszkow,pruszkowski,1421
brwinow,pruszkowski,1421
michalowice,pruszkowski,1421
piastow,pruszkowski,1421
nadarzyn,pruszkowski,1421
przasnysz,przasnyski,1422
krzynowloga mala,przasnyski,1422
jednorozec,przasnyski,1422
chorzele,przasnyski,1422
krasne,przasnyski,1422
czernice borowe,przasnyski,1422
przysucha,przysuski,1423
rusinow,przysuski,1423
potworow,przysuski,1423
klwow,przysuski,1423
borkowice,przysuski,1423
odrzywol,przysuski,1423
wieniawa,przysuski,1423
gielniow,przysuski,1423
pultusk,pultuski,1424
pokrzywnica,pultuski,1424
winnica,pultuski,1424
gzy,pultuski,1424
swiercze,pultuski,1424
zatory,pultuski,1424
obryte,pultuski,1424
pionki,radom county,1425
kowala,radom county,1425
jedlnia-letnisko,radom county,1425
jastrzebia,radom county,1425
wolanow,radom county,1425
skaryszew,radom county,1425
gozd,radom county,1425
przytyk,radom county,1425
zakrzew,radom county,1425
jedlinsk,radom county,1425
wierzbica,radom county,1425
ilza,radom county,1425
siedlce,siedlecki,1426
suchozebry,siedlecki,1426
zbuczyn,siedlecki,1426
paprotnia,siedlecki,1426
korczew,siedlecki,1426
przesmyki,siedlecki,1426
wisniew,siedlecki,1426
domanice,siedlecki,1426
skorzec,siedlecki,1426
wodynie,siedlecki,1426
mokobody,siedlecki,1426
kotun,siedlecki,1426
mordy,siedlecki,1426
zawidz,sierpecki,1427
sierpc,sierpecki,1427
szczutowo,sierpecki,1427
rosciszewo,sierpecki,1427
gozdowo,sierpecki,1427
mochowo,sierpecki,1427
brochow,sochaczewski,1428
sochaczew,sochaczewski,1428
mlodzieszyn,sochaczewski,1428
nowa sucha,sochaczewski,1428
rybno,sochaczewski,1428
teresin,sochaczewski,1428
ilow,sochaczewski,1428
sterdyn,sokolowski,1429
sokolow podlaski,sokolowski,1429
bielany,sokolowski,1429
jablonna lacka,sokolowski,1429
repki,sokolowski,1429
ceranow,sokolowski,1429
kosow lacki,sokolowski,1429
sabnie,sokolowski,1429
szydlowiec,szydlowiecki,1430
mirow,szydlowiecki,1430
jastrzab,szydlowiecki,1430
oronsko,szydlowiecki,1430
chlewiska,szydlowiecki,1430
izabelin,warsaw west county,1432
stare babice,warsaw west county,1432
leszno,warsaw west county,1432
blonie,warsaw west county,1432
kampinos,warsaw west county,1432
lomianki,warsaw west county,1432
ozarow mazowiecki,warsaw west county,1432
liw,wegrowski,1433
wegrow,wegrowski,1433
stoczek,wegrowski,1433
miedzna,wegrowski,1433
grebkow,wegrowski,1433
wierzbno,wegrowski,1433
korytnica,wegrowski,1433
lochow,wegrowski,1433
sadowne,wegrowski,1433
poswietne,wolominski,1434
zabki,wolominski,1434
wolomin,wolominski,1434
klembow,wolominski,1434
dabrowka,wolominski,1434
zielonka,wolominski,1434
kobylka,wolominski,1434
tluszcz,wolominski,1434
radzymin,wolominski,1434
marki,wolominski,1434
jadow,wolominski,1434
strachowka,wolominski,1434
somianka,wyszkowski,1435
rzasnik,wyszkowski,1435
wyszkow,wyszkowski,1435
dlugosiodlo,wyszkowski,1435
branszczyk,wyszkowski,1435
zabrodzie,wyszkowski,1435
tczow,zwolenski,1436
zwolen,zwolenski,1436
przylek,zwolenski,1436
kazanow,zwolenski,1436
policzna,zwolenski,1436
siemiatkowo,zurominski,1437
zuromin,zurominski,1437
lubowidz,zurominski,1437
kuczbork-osada,zurominski,1437
lutocin,zurominski,1437
biezun,zurominski,1437
radziejowice,zyrardowski,1438
zyrardow,zyrardowski,1438
mszczonow,zyrardowski,1438
wiskitki,zyrardowski,1438
puszcza marianska,zyrardowski,1438
ostroleka,ostroleka,1461
plock,plock,1462
radom,radom,1463
siedlce,siedlce,1464
warsaw,warszawa,1465
brzeg,brzeski,1601
grodkow,brzeski,1601
olszanka,brzeski,1601
skarbimierz,brzeski,1601
lubsza,brzeski,1601
lewin brzeski,brzeski,1601
baborow,glubczyce county,1602
glubczyce,glubczyce county,1602
branice,glubczyce county,1602
kietrz,glubczyce county,1602
renska wies,kedzierzynsko-kozielski,1603
kedzierzyn-kozle,kedzierzynsko-kozielski,1603
bierawa,kedzierzynsko-kozielski,1603
cisek,kedzierzynsko-kozielski,1603
polska cerekiew,kedzierzynsko-kozielski,1603
pawlowiczki,kedzierzynsko-kozielski,1603
kluczbork,kluczborski,1604
byczyna,kluczborski,1604
wolczyn,kluczborski,1604
lasowice wielkie,kluczborski,1604
krapkowice,krapkowicki,1605
gogolin,krapkowicki,1605
zdzieszowice,krapkowicki,1605
walce,krapkowicki,1605
strzeleczki,krapkowicki,1605
pokoj,namyslowski,1606
namyslow,namyslowski,1606
swierczow,namyslowski,1606
wilkow,namyslowski,1606
domaszowice,namyslowski,1606
glucholazy,nyski,1607
nysa,nyski,1607
pakoslawice,nyski,1607
lambinowice,nyski,1607
korfantow,nyski,1607
skoroszyce,nyski,1607
paczkow,nyski,1607
otmuchow,nyski,1607
kamiennik,nyski,1607
zebowice,oleski,1608
olesno,oleski,1608
gorzow slaski,oleski,1608
praszka,oleski,1608
radlow,oleski,1608
rudniki,oleski,1608
dobrodzien,oleski,1608
lubniany,opolski,1609
murow,opolski,1609
popielow,opolski,1609
ozimek,opolski,1609
turawa,opolski,1609
tarnow opolski,opolski,1609
chrzastowice,opolski,1609
proszkow,opolski,1609
komprachcice,opolski,1609
dabrowa,opolski,1609
dobrzen wielki,opolski,1609
niemodlin,opolski,1609
tulowice,opolski,1609
prudnik,prudnicki,1610
lubrza,prudnicki,1610
biala,prudnicki,1610
glogowek,prudnicki,1610
jemielnica,strzelecki,1611
strzelce opolskie,strzelecki,1611
ujazd,strzelecki,1611
lesnica,strzelecki,1611
kolonowskie,strzelecki,1611
zawadzkie,strzelecki,1611
izbicko,strzelecki,1611
opole,opole,1661
ustrzyki dolne,bieszczadzki,1801
czarna,bieszczadzki,1801
lutowiska,bieszczadzki,1801
brzozow,brzozowski,1802
jasienica rosielna,brzozowski,1802
dydnia,brzozowski,1802
nozdrzec,brzozowski,1802
haczow,brzozowski,1802
domaradz,brzozowski,1802
debica,debicki,1803
pilzno,debicki,1803
zyrakow,debicki,1803
czarna,debicki,1803
jodlowa,debicki,1803
brzostek,debicki,1803
jaroslaw,jaroslawski,1804
pawlosiow,jaroslawski,1804
wiazownica,jaroslawski,1804
laszki,jaroslawski,1804
radymno,jaroslawski,1804
rozwienica,jaroslawski,1804
pruchnik,jaroslawski,1804
chlopice,jaroslawski,1804
rokietnica,jaroslawski,1804
jaslo,jasielski,1805
skolyszyn,jasielski,1805
brzyska,jasielski,1805
tarnowiec,jasielski,1805
kolaczyce,jasielski,1805
debowiec,jasielski,1805
osiek jasielski,jasielski,1805
nowy zmigrod,jasielski,1805
krempna,jasielski,1805
kolbuszowa,kolbuszowski,1806
cmolas,kolbuszowski,1806
niwiska,kolbuszowski,1806
majdan krolewski,kolbuszowski,1806
dzikowiec,kolbuszowski,1806
ranizow,kolbuszowski,1806
chorkowka,krosnienski,1807
jedlicze,krosnienski,1807
korczyna,krosnienski,1807
kroscienko wyzne,krosnienski,1807
miejsce piastowe,krosnienski,1807
iwonicz-zdroj,krosnienski,1807
dukla,krosnienski,1807
wojaszowka,krosnienski,1807
rymanow,krosnienski,1807
jasliska,krosnienski,1807
lezajsk,lezajski,1808
kurylowka,lezajski,1808
grodzisko dolne,lezajski,1808
nowa sarzyna,lezajski,1808
lubaczow,lubaczowski,1809
narol,lubaczowski,1809
cieszanow,lubaczowski,1809
horyniec-zdroj,lubaczowski,1809
wielkie oczy,lubaczowski,1809
oleszyce,lubaczowski,1809
stary dzikow,lubaczowski,1809
lancut,lancucki,1810
czarna,lancucki,1810
bialobrzegi,lancucki,1810
zolynia,lancucki,1810
rakszawa,lancucki,1810
markowa,lancucki,1810
mielec,mielecki,1811
tuszow narodowy,mielecki,1811
wadowice gorne,mielecki,1811
czermin,mielecki,1811
borowa,mielecki,1811
gawluszowice,mielecki,1811
radomysl wielki,mielecki,1811
przeclaw,mielecki,1811
padew narodowa,mielecki,1811
nisko,nizanski,1812
jarocin,nizanski,1812
ulanow,nizanski,1812
harasiuki,nizanski,1812
krzeszow,nizanski,1812
rudnik nad sanem,nizanski,1812
jezowe,nizanski,1812
przemysl,przemyski,1813
krasiczyn,przemyski,1813
medyka,przemyski,1813
zurawica,przemyski,1813
orly,przemyski,1813
stubno,przemyski,1813
fredropol,przemyski,1813
bircza,przemyski,1813
krzywcza,przemyski,1813
dubiecko,przemyski,1813
tryncza,przeworski,1814
przeworsk,przeworski,1814
zarzecze,przeworski,1814
gac,przeworski,1814
kanczuga,przeworski,1814
jawornik polski,przeworski,1814
sieniawa,przeworski,1814
adamowka,przeworski,1814
ropczyce,ropczycko-sedziszowski,1815
ostrow,ropczycko-sedziszowski,1815
wielopole skrzynskie,ropczycko-sedziszowski,1815
sedziszow malopolski,ropczycko-sedziszowski,1815
iwierzyce,ropczycko-sedziszowski,1815
boguchwala,rzeszow county,1816
glogow malopolski,rzeszow county,1816
trzebownisko,rzeszow county,1816
krasne,rzeszow county,1816
chmielnik,rzeszow county,1816
tyczyn,rzeszow county,1816
hyzne,rzeszow county,1816
blazowa,rzeszow county,1816
lubenia,rzeszow county,1816
sokolow malopolski,rzeszow county,1816
kamien,rzeszow county,1816
swilcza,rzeszow county,1816
dynow,rzeszow county,1816
sanok,sanocki,1817
zagorz,sanocki,1817
bukowsko,sanocki,1817
besko,sanocki,1817
zarszyn,sanocki,1817
tyrawa woloska,sanocki,1817
komancza,sanocki,1817
pysznica,stalowowolski,1818
zaleszany,stalowowolski,1818
bojanow,stalowowolski,1818
stalowa wola,stalowowolski,1818
zaklikow,stalowowolski,1818
radomysl nad sanem,stalowowolski,1818
strzyzow,strzyzowski,1819
czudec,strzyzowski,1819
wisniowa,strzyzowski,1819
niebylec,strzyzowski,1819
frysztak,strzyzowski,1819
nowa deba,tarnobrzeski,1820
grebow,tarnobrzeski,1820
gorzyce,tarnobrzeski,1820
baranow sandomierski,tarnobrzeski,1820
lesko,leski,1821
baligrod,leski,1821
cisna,leski,1821
solina,leski,1821
olszanica,leski,1821
krosno,krosno,1861
przemysl,przemysl,1862
rzeszow,rzeszow,1863
tarnobrzeg,tarnobrzeg,1864
augustow,augustowski,2001
nowinka,augustowski,2001
sztabin,augustowski,2001
lipsk,augustowski,2001
barglow koscielny,augustowski,2001
plaska,augustowski,2001
juchnowiec koscielny,bialostocki,2002
suprasl,bialostocki,2002
zabludow,bialostocki,2002
choroszcz,bialostocki,2002
dobrzyniewo duze,bialostocki,2002
wasilkow,bialostocki,2002
czarna bialostocka,bialostocki,2002
grodek,bialostocki,2002
michalowo,bialostocki,2002
tykocin,bialostocki,2002
turosn koscielna,bialostocki,2002
zawady,bialostocki,2002
lapy,bialostocki,2002
suraz,bialostocki,2002
poswietne,bialostocki,2002
bielsk podlaski,bielski,2003
wyszki,bielski,2003
bransk,bielski,2003
orla,bielski,2003
bocki,bielski,2003
rudka,bielski,2003
grajewo,grajewski,2004
radzilow,grajewski,2004
rajgrod,grajewski,2004
wasosz,grajewski,2004
szczuczyn,grajewski,2004
hajnowka,hajnowski,2005
czyze,hajnowski,2005
dubicze cerkiewne,hajnowski,2005
narew,hajnowski,2005
narewka,hajnowski,2005
bialowieza,hajnowski,2005
czeremcha,hajnowski,2005
kleszczele,hajnowski,2005
kolno,kolnenski,2006
grabowo,kolnenski,2006
maly plock,kolnenski,2006
stawiski,kolnenski,2006
turosl,kolnenski,2006
lomza,lomza county,2007
piatnica,lomza county,2007
sniadowo,lomza county,2007
miastkowo,lomza county,2007
nowogrod,lomza county,2007
zbojna,lomza county,2007
jedwabne,lomza county,2007
przytuly,lomza county,2007
wizna,lomza county,2007
jaswily,moniecki,2008
monki,moniecki,2008
trzcianne,moniecki,2008
goniadz,moniecki,2008
krypno,moniecki,2008
knyszyn,moniecki,2008
jasionowka,moniecki,2008
krasnopol,sejnenski,2009
sejny,sejnenski,2009
giby,sejnenski,2009
punsk,sejnenski,2009
siemiatycze,siemiatycki,2010
dziadkowice,siemiatycki,2010
milejczyce,siemiatycki,2010
mielnik,siemiatycki,2010
drohiczyn,siemiatycki,2010
perlejewo,siemiatycki,2010
grodzisk,siemiatycki,2010
nurzec-stacja,siemiatycki,2010
sokolka,sokolski,2011
szudzialowo,sokolski,2011
krynki,sokolski,2011
kuznica,sokolski,2011
sidra,sokolski,2011
janow,sokolski,2011
korycin,sokolski,2011
suchowola,sokolski,2011
dabrowa bialostocka,sokolski,2011
nowy dwor,sokolski,2011
szypliszki,suwalski,2012
suwalki,suwalski,2012
bakalarzewo,suwalski,2012
jeleniewo,suwalski,2012
rutka-tartak,suwalski,2012
wizajny,suwalski,2012
raczki,suwalski,2012
filipow,suwalski,2012
przerosl,suwalski,2012
wysokie mazowieckie,wysokomazowiecki,2013
kobylin-borzymy,wysokomazowiecki,2013
kulesze koscielne,wysokomazowiecki,2013
szepietowo,wysokomazowiecki,2013
nowe piekuty,wysokomazowiecki,2013
klukowo,wysokomazowiecki,2013
sokoly,wysokomazowiecki,2013
czyzew,wysokomazowiecki,2013
ciechanowiec,wysokomazowiecki,2013
zambrow,zambrowski,2014
kolaki koscielne,zambrowski,2014
szumowo,zambrowski,2014
rutki,zambrowski,2014
bialystok,bialystok,2061
lomza,lomza,2062
suwalki,suwalki,2063
czarna dabrowka,bytowski,2201
bytow,bytowski,2201
borzytuchom,bytowski,2201
parchowo,bytowski,2201
studzienice,bytowski,2201
lipnica,bytowski,2201
tuchomie,bytowski,2201
kolczyglowy,bytowski,2201
miastko,bytowski,2201
trzebielino,bytowski,2201
konarzyny,chojnicki,2202
czersk,chojnicki,2202
chojnice,chojnicki,2202
brusy,chojnicki,2202
koczala,czluchowski,2203
czluchow,czluchowski,2203
rzeczenica,czluchowski,2203
debrzno,czluchowski,2203
przechlewo,czluchowski,2203
czarne,czluchowski,2203
kolbudy,gdansk county,2204
pruszcz gdanski,gdansk county,2204
cedry wielkie,gdansk county,2204
suchy dab,gdansk county,2204
pszczolki,gdansk county,2204
trabki wielkie,gdansk county,2204
przywidz,gdansk county,2204
zukowo,kartuski,2205
kartuzy,kartuski,2205
przodkowo,kartuski,2205
somonino,kartuski,2205
stezyca,kartuski,2205
suleczyno,kartuski,2205
sierakowice,kartuski,2205
chmielno,kartuski,2205
koscierzyna,koscierski,2206
nowa karczma,koscierski,2206
lipusz,koscierski,2206
liniewo,koscierski,2206
dziemiany,koscierski,2206
stara kiszewa,koscierski,2206
karsin,koscierski,2206
ryjewo,kwidzynski,2207
kwidzyn,kwidzynski,2207
gardeja,kwidzynski,2207
sadlinki,kwidzynski,2207
prabuty,kwidzynski,2207
lebork,leborski,2208
cewice,leborski,2208
nowa wies leborska,leborski,2208
wicko,leborski,2208
leba,leborski,2208
malbork,malborski,2209
miloradz,malborski,2209
stare pole,malborski,2209
lichnowy,malborski,2209
nowy staw,malborski,2209
nowy dwor gdanski,nowodworski,2210
stegna,nowodworski,2210
sztutowo,nowodworski,2210
ostaszewo,nowodworski,2210
krynica morska,nowodworski,2210
kosakowo,pucki,2211
krokowa,pucki,2211
puck,pucki,2211
wladyslawowo,pucki,2211
jastarnia,pucki,2211
hel,pucki,2211
slupsk,slupski,2212
ustka,slupski,2212
smoldzino,slupski,2212
glowczyce,slupski,2212
potegowo,slupski,2212
damnica,slupski,2212
debnica kaszubska,slupski,2212
kobylnica,slupski,2212
kepice,slupski,2212
starogard gdanski,starogardzki,2213
zblewo,starogardzki,2213
lubichowo,starogardzki,2213
skarszewy,starogardzki,2213
kaliska,starogardzki,2213
bobowo,starogardzki,2213
skorcz,starogardzki,2213
osieczna,starogardzki,2213
osiek,starogardzki,2213
smetowo graniczne,starogardzki,2213
czarna woda,starogardzki,2213
tczew,tczewski,2214
subkowy,tczewski,2214
pelplin,tczewski,2214
gniew,tczewski,2214
morzeszczyn,tczewski,2214
szemud,wejherowski,2215
wejherowo,wejherowski,2215
choczewo,wejherowski,2215
leczyce,wejherowski,2215
luzino,wejherowski,2215
linia,wejherowski,2215
rumia,wejherowski,2215
reda,wejherowski,2215
gniewino,wejherowski,2215
sztum,sztumski,2216
stary targ,sztumski,2216
mikolajki pomorskie,sztumski,2216
dzierzgon,sztumski,2216
stary dzierzgon,sztumski,2216
gdansk,gdansk,2261
gdynia,gdynia,2262
slupsk,slupsk,2263
sopot,sopot,2264
czeladz,bedzinski,2401
slawkow,bedzinski,2401
psary,bedzinski,2401
mierzecice,bedzinski,2401
siewierz,bedzinski,2401
bedzin,bedzinski,2401
wojkowice,bedzinski,2401
bobrowniki,bedzinski,2401
wilkowice,bielsko-biala county,2402
wilamowice,bielsko-biala county,2402
kozy,bielsko-biala county,2402
porabka,bielsko-biala county,2402
szczyrk,bielsko-biala county,2402
buczkowice,bielsko-biala county,2402
jaworze,bielsko-biala county,2402
jasienica,bielsko-biala county,2402
czechowice-dziedzice,bielsko-biala county,2402
bestwina,bielsko-biala county,2402
strumien,cieszynski,2403
wisla,cieszynski,2403
goleszow,cieszynski,2403
cieszyn,cieszynski,2403
zebrzydowice,cieszynski,2403
hazlach,cieszynski,2403
debowiec,cieszynski,2403
skoczow,cieszynski,2403
brenna,cieszynski,2403
ustron,cieszynski,2403
istebna,cieszynski,2403
chybie,cieszynski,2403
poczesna,czestochowski,2404
starcza,czestochowski,2404
konopiska,czestochowski,2404
koniecpol,czestochowski,2404
mykanow,czestochowski,2404
lelow,czestochowski,2404
redziny,czestochowski,2404
mstow,czestochowski,2404
przyrow,czestochowski,2404
janow,czestochowski,2404
olsztyn,czestochowski,2404
kamienica polska,czestochowski,2404
dabrowa zielona,czestochowski,2404
klomnice,czestochowski,2404
kruszyna,czestochowski,2404
blachownia,czestochowski,2404
rudziniec,gliwicki,2405
toszek,gliwicki,2405
pyskowice,gliwicki,2405
pilchowice,gliwicki,2405
sosnicowice,gliwicki,2405
gieraltowice,gliwicki,2405
wielowies,gliwicki,2405
knurow,gliwicki,2405
klobuck,klobucki,2406
popow,klobucki,2406
miedzno,klobucki,2406
wreczyca wielka,klobucki,2406
panki,klobucki,2406
przystajn,klobucki,2406
opatow,klobucki,2406
krzepice,klobucki,2406
lipie,klobucki,2406
boronow,lubliniecki,2407
koszecin,lubliniecki,2407
wozniki,lubliniecki,2407
herby,lubliniecki,2407
pawonkow,lubliniecki,2407
lubliniec,lubliniecki,2407
kochanowice,lubliniecki,2407
ciasna,lubliniecki,2407
laziska gorne,mikolowski,2408
wyry,mikolowski,2408
ornontowice,mikolowski,2408
orzesze,mikolowski,2408
mikolow,mikolowski,2408
zarki,myszkowski,2409
myszkow,myszkowski,2409
poraj,myszkowski,2409
niegowa,myszkowski,2409
kozieglowy,myszkowski,2409
miedzna,pszczynski,2410
goczalkowice-zdroj,pszczynski,2410
pszczyna,pszczynski,2410
suszec,pszczynski,2410
kobior,pszczynski,2410
pawlowice,pszczynski,2410
kornowac,raciborski,2411
pietrowice wielkie,raciborski,2411
rudnik,raciborski,2411
krzanowice,raciborski,2411
raciborz,raciborski,2411
kuznia raciborska,raciborski,2411
nedza,raciborski,2411
krzyzanowice,raciborski,2411
swierklany,rybnicki,2412
gaszowice,rybnicki,2412
jejkowice,rybnicki,2412
czerwionka-leszczyny,rybnicki,2412
lyski,rybnicki,2412
radzionkow,tarnogorski,2413
tarnowskie gory,tarnogorski,2413
miasteczko slaskie,tarnogorski,2413
swierklaniec,tarnogorski,2413
ozarowice,tarnogorski,2413
kalety,tarnogorski,2413
zbroslawice,tarnogorski,2413
tworog,tarnogorski,2413
krupski mlyn,tarnogorski,2413
ledziny,bierunsko-ledzinski,2414
bierun,bierunsko-ledzinski,2414
chelm slaski,bierunsko-ledzinski,2414
imielin,bierunsko-ledzinski,2414
bojszowy,bierunsko-ledzinski,2414
gorzyce,wodzislaw county,2415
rydultowy,wodzislaw county,2415
godow,wodzislaw county,2415
pszow,wodzislaw county,2415
wodzislaw slaski,wodzislaw county,2415
radlin,wodzislaw county,2415
marklowice,wodzislaw county,2415
mszana,wodzislaw county,2415
lubomia,wodzislaw county,2415
zawiercie,zawiercianski,2416
wlodowice,zawiercianski,2416
kroczyce,zawiercianski,2416
pilica,zawiercianski,2416
zarnowiec,zawiercianski,2416
ogrodzieniec,zawiercianski,2416
szczekociny,zawiercianski,2416
irzadze,zawiercianski,2416
lazy,zawiercianski,2416
poreba,zawiercianski,2416
lipowa,zywiecki,2417
zywiec,zywiecki,2417
rajcza,zywiecki,2417
czernichow,zywiecki,2417
lekawica,zywiecki,2417
gilowice,zywiecki,2417
slemien,zywiecki,2417
lodygowice,zywiecki,2417
swinna,zywiecki,2417
koszarawa,zywiecki,2417
jelesnia,zywiecki,2417
wegierska gorka,zywiecki,2417
milowka,zywiecki,2417
ujsoly,zywiecki,2417
radziechowy-wieprz,zywiecki,2417
bielsko-biala,bielsko-biala,2461
bytom,bytom,2462
chorzow,chorzow,2463
czestochowa,czestochowa,2464
dabrowa gornicza,dabrowa gornicza,2465
gliwice,gliwice,2466
jastrzebie-zdroj,jastrzebie-zdroj,2467
jaworzno,jaworzno,2468
katowice,katowice,2469
myslowice,myslowice,2470
piekary slaskie,piekary slaskie,2471
ruda slaska,ruda slaska,2472
rybnik,rybnik,2473
siemianowice slaskie,siemianowice slaskie,2474
sosnowiec,sosnowiec,2475
swietochlowice,swietochlowice,2476
tychy,tychy,2477
zabrze,zabrze,2478
zory,zory,2479
gnojno,buski,2601
busko-zdroj,buski,2601
stopnica,buski,2601
tuczepy,buski,2601
solec-zdroj,buski,2601
pacanow,buski,2601
nowy korczyn,buski,2601
wislica,buski,2601
sobkow,jedrzejowski,2602
jedrzejow,jedrzejowski,2602
imielno,jedrzejowski,2602
wodzislaw,jedrzejowski,2602
sedziszow,jedrzejowski,2602
slupia (jedrzejowska),jedrzejowski,2602
naglowice,jedrzejowski,2602
oksa,jedrzejowski,2602
malogoszcz,jedrzejowski,2602
czarnocin,kazimierski,2603
skalbmierz,kazimierski,2603
kazimierza wielka,kazimierski,2603
bejsce,kazimierski,2603
morawica,kielecki,2604
gorno,kielecki,2604
maslow,kielecki,2604
bieliny,kielecki,2604
nowa slupia,kielecki,2604
bodzentyn,kielecki,2604
pierzchnica,kielecki,2604
chmielnik,kielecki,2604
daleszyce,kielecki,2604
lagow,kielecki,2604
rakow,kielecki,2604
zagnansk,kielecki,2604
sitkowka-nowiny,kielecki,2604
checiny,kielecki,2604
piekoszow,kielecki,2604
strawczyn,kielecki,2604
lopuszno,kielecki,2604
mniow,kielecki,2604
miedziana gora,kielecki,2604
konskie,konecki,2605
staporkow,konecki,2605
smykow,konecki,2605
radoszyce,konecki,2605
gowarczow,konecki,2605
slupia (konecka),konecki,2605
ruda maleniecka,konecki,2605
falkow,konecki,2605
ozarow,opatowski,2606
opatow,opatowski,2606
tarlow,opatowski,2606
wojciechowice,opatowski,2606
lipnik,opatowski,2606
backowice,opatowski,2606
iwaniska,opatowski,2606
sadowie,opatowski,2606
ostrowiec swietokrzyski,ostrowiecki,2607
bodzechow,ostrowiecki,2607
kunow,ostrowiecki,2607
baltow,ostrowiecki,2607
wasniow,ostrowiecki,2607
cmielow,ostrowiecki,2607
dzialoszyce,pinczowski,2608
pinczow,pinczowski,2608
michalow,pinczowski,2608
kije,pinczowski,2608
zlota,pinczowski,2608
koprzywnica,sandomierski,2609
sandomierz,sandomierski,2609
obrazow,sandomierski,2609
dwikozy,sandomierski,2609
samborzec,sandomierski,2609
wilczyce,sandomierski,2609
zawichost,sandomierski,2609
klimontow,sandomierski,2609
loniow,sandomierski,2609
skarzysko-kamienna,skarzyski,2610
skarzysko koscielne,skarzyski,2610
blizyn,skarzyski,2610
suchedniow,skarzyski,2610
laczna,skarzyski,2610
mirzec,starachowicki,2611
pawlow,starachowicki,2611
brody,starachowicki,2611
starachowice,starachowicki,2611
wachock,starachowicki,2611
staszow,staszow county,2612
bogoria,staszow county,2612
rytwiany,staszow county,2612
osiek,staszow county,2612
olesnica,staszow county,2612
szydlow,staszow county,2612
polaniec,staszow county,2612
lubnice,staszow county,2612
wloszczowa,wloszczowski,2613
krasocin,wloszczowski,2613
kluczewsko,wloszczowski,2613
moskorzew,wloszczowski,2613
radkow,wloszczowski,2613
secemin,wloszczowski,2613
kielce,kielce,2661
bartoszyce,bartoszycki,2801
sepopol,bartoszycki,2801
gorowo ilaweckie,bartoszycki,2801
bisztynek,bartoszycki,2801
wilczeta,braniewski,2802
braniewo,braniewski,2802
pieniezno,braniewski,2802
lelkowo,braniewski,2802
ploskinia,braniewski,2802
frombork,braniewski,2802
dzialdowo,dzialdowski,2803
plosnica,dzialdowski,2803
rybno,dzialdowski,2803
lidzbark,dzialdowski,2803
ilowo-osada,dzialdowski,2803
paslek,elblaski,2804
godkowo,elblaski,2804
rychliki,elblaski,2804
mlynary,elblaski,2804
milejewo,elblaski,2804
elblag,elblaski,2804
markusy,elblaski,2804
gronowo elblaskie,elblaski,2804
tolkmicko,elblaski,2804
elk,elcki,2805
prostki,elcki,2805
kalinowo,elcki,2805
stare juchy,elcki,2805
gizycko,gizycki,2806
wydminy,gizycki,2806
milki,gizycki,2806
ryn,gizycki,2806
kruklanki,gizycki,2806
ilawa,ilawski,2807
kisielice,ilawski,2807
lubawa,ilawski,2807
zalewo,ilawski,2807
susz,ilawski,2807
ketrzyn,ketrzynski,2808
barciany,ketrzynski,2808
srokowo,ketrzynski,2808
korsze,ketrzynski,2808
reszel,ketrzynski,2808
lidzbark warminski,lidzbarski,2809
kiwity,lidzbarski,2809
orneta,lidzbarski,2809
lubomino,lidzbarski,2809
mragowo,mragowski,2810
piecki,mragowski,2810
mikolajki,mragowski,2810
sorkwity,mragowski,2810
nidzica,nidzicki,2811
janowiec koscielny,nidzicki,2811
janowo,nidzicki,2811
kozlowo,nidzicki,2811
nowe miasto lubawskie,nowomiejski,2812
kurzetnik,nowomiejski,2812
grodziczno,nowomiejski,2812
biskupiec,nowomiejski,2812
olecko,olecki,2813
kowale oleckie,olecki,2813
swietajno,olecki,2813
wieliczki,olecki,2813
dywity,olsztynski,2814
barczewo,olsztynski,2814
purda,olsztynski,2814
stawiguda,olsztynski,2814
swiatki,olsztynski,2814
olsztynek,olsztynski,2814
gietrzwald,olsztynski,2814
dobre miasto,olsztynski,2814
jonkowo,olsztynski,2814
biskupiec,olsztynski,2814
kolno,olsztynski,2814
jeziorany,olsztynski,2814
ostroda,ostrodzki,2815
lukta,ostrodzki,2815
grunwald,ostrodzki,2815
dabrowno,ostrodzki,2815
milomlyn,ostrodzki,2815
morag,ostrodzki,2815
milakowo,ostrodzki,2815
maldyty,ostrodzki,2815
pisz,piski,2816
ruciane-nida,piski,2816
biala piska,piski,2816
orzysz,piski,2816
szczytno,szczycienski,2817
rozogi,szczycienski,2817
dzwierzuty,szczycienski,2817
jedwabno,szczycienski,2817
pasym,szczycienski,2817
swietajno,szczycienski,2817
wielbark,szczycienski,2817
goldap,goldapski,2818
banie mazurskie,goldapski,2818
dubeninki,goldapski,2818
wegorzewo,wegorzewski,2819
budry,wegorzewski,2819
pozezdrze,wegorzewski,2819
elblag,elblag,2861
olsztyn,olsztyn,2862
chodziez,chodzieski,3001
szamocin,chodzieski,3001
margonin,chodzieski,3001
budzyn,chodzieski,3001
czarnkow,czarnkowsko-trzcianecki,3002
polajewo,czarnkowsko-trzcianecki,3002
lubasz,czarnkowsko-trzcianecki,3002
wielen,czarnkowsko-trzcianecki,3002
drawsko,czarnkowsko-trzcianecki,3002
krzyz wielkopolski,czarnkowsko-trzcianecki,3002
trzcianka,czarnkowsko-trzcianecki,3002
gniezno,gnieznienski,3003
mieleszyn,gnieznienski,3003
niechanowo,gnieznienski,3003
witkowo,gnieznienski,3003
trzemeszno,gnieznienski,3003
czerniejewo,gnieznienski,3003
lubowo,gnieznienski,3003
klecko,gnieznienski,3003
kiszkowo,gnieznienski,3003
gostyn,gostynski,3004
piaski,gostynski,3004
poniec,gostynski,3004
borek wielkopolski,gostynski,3004
pepowo,gostynski,3004
krobia,gostynski,3004
pogorzela,gostynski,3004
grodzisk wielkopolski,grodziski,3005
granowo,grodziski,3005
rakoniewice,grodziski,3005
wielichowo,grodziski,3005
kamieniec,grodziski,3005
jarocin,jarocinski,3006
zerkow,jarocinski,3006
kotlin,jarocinski,3006
jaraczewo,jarocinski,3006
godziesze wielkie,kaliski,3007
blizanow,kaliski,3007
zelazkow,kaliski,3007
mycielin,kaliski,3007
stawiszyn,kaliski,3007
cekow-kolonia,kaliski,3007
kozminek,kaliski,3007
liskow,kaliski,3007
opatowek,kaliski,3007
szczytniki,kaliski,3007
brzeziny,kaliski,3007
kepno,kepinski,3008
baranow,kepinski,3008
trzcinica,kepinski,3008
rychtal,kepinski,3008
bralin,kepinski,3008
perzow,kepinski,3008
leka opatowska,kepinski,3008
koscielec,kolski,3009
kolo,kolski,3009
osiek maly,kolski,3009
babiak,kolski,3009
przedecz,kolski,3009
grzegorzew,kolski,3009
olszowka,kolski,3009
klodawa,kolski,3009
chodow,kolski,3009
dabie,kolski,3009
golina,konin county,3010
grodziec,konin county,3010
stare miasto,konin county,3010
slesin,konin county,3010
kramsk,konin county,3010
krzymow,konin county,3010
kazimierz biskupi,konin county,3010
kleczew,konin county,3010
wilczyn,konin county,3010
skulsk,konin county,3010
wierzbinek,konin county,3010
rychwal,konin county,3010
rzgow,konin county,3010
sompolno,konin county,3010
koscian,koscianski,3011
krzywin,koscianski,3011
czempin,koscianski,3011
smigiel,koscianski,3011
kozmin wielkopolski,krotoszynski,3012
krotoszyn,krotoszynski,3012
zduny,krotoszynski,3012
rozdrazew,krotoszynski,3012
kobylin,krotoszynski,3012
sulmierzyce,krotoszynski,3012
swieciechowa,leszno_county,3013
lipno,leszno_county,3013
osieczna,leszno_county,3013
wloszakowice,leszno_county,3013
krzemieniewo,leszno_county,3013
rydzyna,leszno_county,3013
wijewo,leszno_county,3013
miedzychod,miedzychodzki,3014
sierakow,miedzychodzki,3014
chrzypsko wielkie,miedzychodzki,3014
kwilcz,miedzychodzki,3014
nowy tomysl,nowotomyski,3015
miedzichowo,nowotomyski,3015
lwowek,nowotomyski,3015
kuslin,nowotomyski,3015
opalenica,nowotomyski,3015
zbaszyn,nowotomyski,3015
oborniki,obornicki,3016
ryczywol,obornicki,3016
rogozno,obornicki,3016
nowe skalmierzyce,ostrowski,3017
ostrow wielkopolski,ostrowski,3017
sieroszewice,ostrowski,3017
przygodzice,ostrowski,3017
odolanow,ostrowski,3017
sosnie,ostrowski,3017
raszkow,ostrowski,3017
ostrzeszow,ostrzeszowski,3018
doruchow,ostrzeszowski,3018
kobyla gora,ostrzeszowski,3018
mikstat,ostrzeszowski,3018
grabow nad prosna,ostrzeszowski,3018
kraszewice,ostrzeszowski,3018
czajkow,ostrzeszowski,3018
kaczory,pilski,3019
ujscie,pilski,3019
pila,pilski,3019
szydlowo,pilski,3019
wyrzysk,pilski,3019
lobzenica,pilski,3019
wysoka,pilski,3019
bialosliwie,pilski,3019
miasteczko krajenskie,pilski,3019
goluchow,pleszewski,3020
pleszew,pleszewski,3020
czermin,pleszewski,3020
gizalki,pleszewski,3020
chocz,pleszewski,3020
dobrzyca,pleszewski,3020
dopiewo,poznanski,3021
mosina,poznanski,3021
suchy las,poznanski,3021
czerwonak,poznanski,3021
swarzedz,poznanski,3021
pobiedziska,poznanski,3021
kornik,poznanski,3021
kostrzyn,poznanski,3021
lubon,poznanski,3021
puszczykowo,poznanski,3021
komorniki,poznanski,3021
steszew,poznanski,3021
tarnowo podgorne,poznanski,3021
rokietnica,poznanski,3021
murowana goslina,poznanski,3021
kleszczewo,poznanski,3021
buk,poznanski,3021
pakoslaw,rawicki,3022
rawicz,rawicki,3022
miejska gorka,rawicki,3022
jutrosin,rawicki,3022
bojanowo,rawicki,3022
slupca,slupecki,3023
ostrowite,slupecki,3023
ladek,slupecki,3023
zagorow,slupecki,3023
strzalkowo,slupecki,3023
powidz,slupecki,3023
orchowo,slupecki,3023
pniewy,szamotulski,3024
szamotuly,szamotulski,3024
wronki,szamotulski,3024
obrzycko,szamotulski,3024
kazmierz,szamotulski,3024
duszniki,szamotulski,3024
ostrorog,szamotulski,3024
zaniemysl,sredzki,3025
krzykosy,sredzki,3025
sroda wielkopolska,sredzki,3025
dominowo,sredzki,3025
nowe miasto nad warta,sredzki,3025
srem,sremski,3026
brodnica,sremski,3026
ksiaz wielkopolski,sremski,3026
dolsk,sremski,3026
turek,turecki,3027
kaweczyn,turecki,3027
malanow,turecki,3027
wladyslawow,turecki,3027
brudzew,turecki,3027
dobra,turecki,3027
przykona,turecki,3027
tuliszkow,turecki,3027
skoki,wagrowiecki,3028
wagrowiec,wagrowiecki,3028
damaslawek,wagrowiecki,3028
wapno,wagrowiecki,3028
golancz,wagrowiecki,3028
miescisko,wagrowiecki,3028
wolsztyn,wolsztynski,3029
siedlec,wolsztynski,3029
przemet,wolsztynski,3029
wrzesnia,wrzesinski,3030
kolaczkowo,wrzesinski,3030
pyzdry,wrzesinski,3030
miloslaw,wrzesinski,3030
nekla,wrzesinski,3030
jastrowie,zlotowski,3031
krajenka,zlotowski,3031
okonek,zlotowski,3031
tarnowka,zlotowski,3031
zlotow,zlotowski,3031
zakrzewo,zlotowski,3031
lipka,zlotowski,3031
kalisz,kalisz,3061
konin,konin,3062
leszno,leszno,3063
poznan,poznan,3064
bialogard,bialogardzki,3201
tychowo,bialogardzki,3201
karlino,bialogardzki,3201
choszczno,choszczenski,3202
recz,choszczenski,3202
drawno,choszczenski,3202
krzecin,choszczenski,3202
bierzwnik,choszczenski,3202
pelczyce,choszczenski,3202
czaplinek,drawski,3203
drawsko pomorskie,drawski,3203
ostrowice,drawski,3203
zlocieniec,drawski,3203
wierzchowo,drawski,3203
kalisz pomorski,drawski,3203
goleniow,goleniowski,3204
przybiernow,goleniowski,3204
stepnica,goleniowski,3204
maszewo,goleniowski,3204
nowogard,goleniowski,3204
osina,goleniowski,3204
trzebiatow,gryficki,3205
gryfice,gryficki,3205
ploty,gryficki,3205
brojce,gryficki,3205
karnice,gryficki,3205
rewal,gryficki,3205
gryfino,gryfinski,3206
stare czarnowo,gryfinski,3206
banie,gryfinski,3206
widuchowa,gryfinski,3206
chojna,gryfinski,3206
moryn,gryfinski,3206
mieszkowice,gryfinski,3206
trzcinsko-zdroj,gryfinski,3206
cedynia,gryfinski,3206
kamien pomorski,kamienski,3207
dziwnow,kamienski,3207
swierzno,kamienski,3207
golczewo,kamienski,3207
miedzyzdroje,kamienski,3207
wolin,kamienski,3207
dygowo,kolobrzeski,3208
kolobrzeg,kolobrzeski,3208
ustronie morskie,kolobrzeski,3208
goscino,kolobrzeski,3208
siemysl,kolobrzeski,3208
ryman,kolobrzeski,3208
sianow,koszalinski,3209
manowo,koszalinski,3209
mielno,koszalinski,3209
polanow,koszalinski,3209
bobolice,koszalinski,3209
swieszyno,koszalinski,3209
bedzino,koszalinski,3209
biesiekierz,koszalinski,3209
mysliborz,mysliborski,3210
nowogrodek pomorski,mysliborski,3210
barlinek,mysliborski,3210
debno,mysliborski,3210
boleszkowice,mysliborski,3210
kolbaskowo,policki,3211
dobra (szczecinska),policki,3211
police,policki,3211
nowe warpno,policki,3211
przelewice,pyrzycki,3212
kozielice,pyrzycki,3212
pyrzyce,pyrzycki,3212
warnice,pyrzycki,3212
bielice,pyrzycki,3212
lipiany,pyrzycki,3212
slawno,slawienski,3213
postomino,slawienski,3213
malechowo,slawienski,3213
darlowo,slawienski,3213
stargard,stargardzki,3214
kobylanka,stargardzki,3214
stara dabrowa,stargardzki,3214
dolice,stargardzki,3214
chociwel,stargardzki,3214
marianowo,stargardzki,3214
dobrzany,stargardzki,3214
insko,stargardzki,3214
suchan,stargardzki,3214
szczecinek,szczecinecki,3215
bialy bor,szczecinecki,3215
borne sulinowo,szczecinecki,3215
grzmiaca,szczecinecki,3215
barwice,szczecinecki,3215
swidwin,swidwinski,3216
slawoborze,swidwinski,3216
brzezno,swidwinski,3216
polczyn-zdroj,swidwinski,3216
rabino,swidwinski,3216
walcz,walecki,3217
czlopa,walecki,3217
tuczno,walecki,3217
miroslawiec,walecki,3217
dobra,lobeski,3218
radowo male,lobeski,3218
resko,lobeski,3218
lobez,lobeski,3218
wegorzyno,lobeski,3218
koszalin,koszalin,3261
szczecin,szczecin,3262
swinoujscie,swinoujscie,3263
